id,age,fare,family_size,embarked,sex,title,is_alone,survived,target,quality_measure
0,0.55,0.95,0.0,S,female,Mrs,0.0,1,target_1,2.220446049250313e-16
1,0.05,0.95,3.0,S,male,Mr,1.0,1,target_1,5.551115123125783e-16
2,0.05,0.95,3.0,S,female,Mrs,1.0,0,target_1,2.220446049250313e-16
3,0.65,0.95,3.0,S,male,Mr,1.0,0,target_1,1.1102230246251565e-16
4,0.45,0.95,3.0,S,female,Mrs,1.0,0,target_1,2.220446049250313e-16
5,0.95,0.75,0.0,S,male,Mr,0.0,1,target_1,1.1102230246251565e-16
6,0.95,0.95,1.0,S,female,Mrs,0.0,1,target_1,0.0
7,0.85,0.05,0.0,S,male,Mr,0.0,0,target_1,-4.440892098500626e-16
8,0.95,0.85,2.0,S,female,Mrs,1.0,1,target_1,0.2500000000000001
9,1.05,0.85,0.0,C,male,Mr,0.0,0,target_1,2.220446049250313e-16
10,0.95,0.95,1.0,C,male,rare,0.0,0,target_1,1.1102230246251565e-16
11,0.15,0.95,1.0,C,female,Mrs,0.0,1,target_1,2.220446049250313e-16
12,0.35,0.95,0.0,C,female,rare,0.0,1,target_1,1.1102230246251565e-16
13,0.45,0.95,0.0,S,female,Mrs,0.0,1,target_1,8.881784197001252e-16
14,1.05,0.75,0.0,S,male,Mr,0.0,1,target_1,4.440892098500626e-16
15,0.95,0.75,0.0,S,male,Mr,0.0,0,target_1,0.04999999999999993
16,0.35,0.95,1.0,C,male,Mr,0.0,0,target_1,4.440892098500626e-16
17,0.95,0.95,1.0,C,female,Mrs,0.0,1,target_1,2.220446049250313e-16
18,0.65,0.95,0.0,C,female,Mrs,0.0,1,target_1,0.0
19,0.75,0.95,0.0,C,male,Mr,0.0,0,target_1,3.3306690738754696e-16
20,0.75,0.85,2.0,S,male,Mr,1.0,1,target_1,-2.220446049250313e-16
21,0.95,0.85,2.0,S,female,Mrs,1.0,1,target_1,0.2500000000000001
22,0.45,0.75,0.0,C,male,Mr,0.0,1,target_1,3.3306690738754696e-16
23,0.85,0.95,0.0,C,female,Mrs,0.0,1,target_1,1.1102230246251565e-16
24,0.55,0.95,0.0,S,female,Mrs,0.0,1,target_1,2.220446049250313e-16
25,0.45,0.75,0.0,C,male,Mr,0.0,0,target_1,2.220446049250313e-16
26,0.45,0.95,1.0,C,male,Mr,0.0,1,target_1,4.440892098500626e-16
27,0.25,0.95,1.0,C,female,Mrs,0.0,1,target_1,2.220446049250313e-16
28,0.75,0.95,0.0,S,female,Mrs,0.0,1,target_1,1.1102230246251565e-16
29,0.55,0.75,0.0,S,male,Mr,0.0,1,target_1,2.220446049250313e-16
30,0.95,0.85,0.0,S,male,Mr,0.0,0,target_1,0.11111111111111116
31,0.85,0.75,0.0,C,male,Mr,0.0,1,target_1,1.1102230246251565e-16
32,0.65,0.95,0.0,S,female,Mrs,0.0,1,target_1,-2.220446049250313e-16
33,0.95,0.75,0.0,S,female,Mrs,0.0,1,target_1,-2.220446049250313e-16
34,0.85,0.75,0.0,S,male,Mr,0.0,0,target_1,0.25
35,0.95,0.95,0.0,C,female,Mrs,0.0,1,target_1,2.220446049250313e-16
36,0.35,0.85,1.0,S,female,Mrs,0.0,1,target_1,4.440892098500626e-16
37,0.95,0.75,0.0,S,male,Mr,0.0,1,target_1,1.1102230246251565e-16
38,0.85,0.75,0.0,S,male,Mr,0.0,0,target_1,0.25
39,0.95,0.85,0.0,C,male,Mr,0.0,0,target_1,1.1102230246251565e-16
40,0.55,0.85,0.0,C,male,rare,0.0,0,target_1,4.440892098500626e-16
41,0.85,0.75,0.0,C,female,Mrs,0.0,1,target_1,5.551115123125783e-16
42,0.95,0.85,2.0,S,female,Mrs,1.0,1,target_1,0.2500000000000001
43,0.95,0.95,0.0,C,female,Mrs,0.0,1,target_1,2.220446049250313e-16
44,0.85,0.95,0.0,C,female,Mrs,0.0,1,target_1,1.1102230246251565e-16
45,0.95,0.75,0.0,S,male,rare,0.0,0,target_1,0.0
46,0.65,0.75,0.0,S,male,Mr,0.0,0,target_1,3.3306690738754696e-16
47,0.85,0.75,0.0,S,male,Mr,0.0,1,target_1,2.220446049250313e-16
48,0.95,0.75,0.0,C,female,Mrs,0.0,1,target_1,3.3306690738754696e-16
49,0.75,1.05,1.0,C,male,Mr,0.0,1,target_1,3.3306690738754696e-16
50,0.95,1.05,1.0,C,female,Mrs,0.0,1,target_1,0.0
51,0.65,0.15,0.0,S,male,Mr,0.0,0,target_1,0.8
52,0.55,0.85,0.0,S,male,Mr,0.0,0,target_1,0.5000000000000002
53,0.15,0.85,0.0,S,male,Mr,0.0,0,target_1,1.1102230246251565e-16
54,0.15,0.95,3.0,S,male,Mr,1.0,1,target_1,4.440892098500626e-16
55,0.15,0.95,3.0,S,female,Mrs,1.0,1,target_1,1.1102230246251565e-16
56,0.75,0.95,3.0,S,male,Mr,1.0,1,target_1,4.440892098500626e-16
57,0.75,0.95,3.0,S,female,Mrs,1.0,1,target_1,1.1102230246251565e-16
58,0.95,0.75,0.0,S,male,Mr,0.0,0,target_1,0.04999999999999993
59,0.75,0.75,0.0,C,female,Mrs,0.0,1,target_1,4.440892098500626e-16
60,0.75,0.95,1.0,S,male,Mr,0.0,0,target_1,1.1102230246251565e-16
61,1.05,0.95,1.0,S,female,Mrs,0.0,1,target_1,0.0
62,0.95,0.95,1.0,S,male,Mr,0.0,0,target_1,2.220446049250313e-16
63,0.95,0.95,1.0,S,female,Mrs,0.0,1,target_1,0.0
64,0.55,0.85,1.0,S,male,Mr,0.0,1,target_1,4.440892098500626e-16
65,0.65,0.85,1.0,S,female,Mrs,0.0,1,target_1,1.1102230246251565e-16
66,0.75,0.95,0.0,C,female,Mrs,0.0,1,target_1,1.1102230246251565e-16
67,0.65,0.95,0.0,S,female,Mrs,0.0,1,target_1,-2.220446049250313e-16
68,0.95,0.75,0.0,C,male,Mr,0.0,1,target_1,0.0
69,0.75,0.85,1.0,S,female,Mrs,0.0,1,target_1,1.1102230246251565e-16
70,0.75,0.05,0.0,S,male,Mr,0.0,0,target_2,0.10000000000000009
71,0.55,0.95,1.0,C,male,Mr,0.0,0,target_1,5.551115123125783e-16
72,0.45,0.95,1.0,C,female,Mrs,0.0,1,target_1,2.220446049250313e-16
73,0.35,0.95,0.0,S,female,Mrs,0.0,1,target_1,3.3306690738754696e-16
74,0.75,0.85,0.0,S,male,Mr,0.0,0,target_1,1.1102230246251565e-16
75,0.95,0.75,0.0,S,male,Mr,0.0,0,target_1,0.04999999999999993
76,0.85,0.95,2.0,C,female,Mrs,1.0,1,target_1,5.551115123125783e-16
77,0.75,0.95,2.0,C,male,Mr,1.0,0,target_1,4.440892098500626e-16
78,0.95,0.95,2.0,C,female,Mrs,1.0,1,target_1,6.661338147750939e-16
79,0.95,0.75,2.0,S,female,Mrs,1.0,1,target_1,0.4999999999999998
80,0.95,0.75,0.0,S,male,Mr,0.0,0,target_1,0.04999999999999993
81,1.05,0.95,2.0,S,male,rare,1.0,0,target_1,2.220446049250313e-16
82,0.75,0.95,2.0,S,female,Mrs,1.0,1,target_1,2.220446049250313e-16
83,0.95,0.75,2.0,S,female,Mrs,1.0,1,target_1,0.4999999999999998
84,0.85,0.95,1.0,C,male,Mr,0.0,0,target_1,4.440892098500626e-16
85,0.85,0.95,1.0,C,female,Mrs,0.0,1,target_1,2.220446049250313e-16
86,0.95,0.75,0.0,S,male,Mr,0.0,1,target_1,1.1102230246251565e-16
87,0.55,0.75,0.0,S,male,Mr,0.0,1,target_1,2.220446049250313e-16
88,0.65,0.95,0.0,S,female,Mrs,0.0,1,target_1,-2.220446049250313e-16
89,0.65,0.85,1.0,S,male,Mr,0.0,0,target_1,4.440892098500626e-16
90,0.55,0.85,3.0,S,female,Mrs,1.0,1,target_1,0.0
91,0.65,0.85,1.0,S,male,Mr,0.0,1,target_1,2.220446049250313e-16
92,0.15,0.85,1.0,S,female,Mrs,0.0,1,target_1,4.440892098500626e-16
93,0.95,0.95,2.0,S,male,rare,1.0,1,target_1,2.220446049250313e-16
94,0.05,0.95,2.0,S,male,Mr,1.0,1,target_1,9.992007221626409e-16
95,0.95,0.95,2.0,S,female,Mrs,1.0,1,target_1,0.0
96,0.95,0.95,1.0,C,male,Mr,0.0,0,target_1,2.220446049250313e-16
97,0.55,0.95,2.0,C,female,Mrs,1.0,1,target_1,6.661338147750939e-16
98,0.95,0.95,1.0,C,female,Mrs,0.0,1,target_1,2.220446049250313e-16
99,0.95,0.85,1.0,C,female,rare,0.0,1,target_1,3.3306690738754696e-16
100,0.95,0.85,1.0,C,male,rare,0.0,1,target_1,1.1102230246251565e-16
101,0.85,0.75,0.0,C,male,Mr,0.0,0,target_1,2.220446049250313e-16
102,0.35,0.95,1.0,C,female,Mrs,0.0,1,target_1,2.220446049250313e-16
103,0.85,0.95,0.0,C,female,Mrs,0.0,1,target_1,1.1102230246251565e-16
104,0.95,0.95,1.0,C,female,Mrs,0.0,1,target_1,2.220446049250313e-16
105,0.75,0.75,0.0,C,female,Mrs,0.0,0,target_1,5.551115123125783e-16
106,0.95,0.95,0.0,S,male,Mr,0.0,0,target_1,2.220446049250313e-16
107,0.55,0.75,0.0,S,female,Mrs,0.0,1,target_1,0.0
108,0.65,0.95,0.0,C,female,Mrs,0.0,1,target_1,0.0
109,0.75,0.75,0.0,S,male,Mr,0.0,1,target_1,3.3306690738754696e-16
110,0.65,0.75,0.0,C,male,Mr,0.0,0,target_1,2.220446049250313e-16
111,0.35,0.95,5.0,S,female,Mrs,1.0,1,target_1,3.3306690738754696e-16
112,0.55,0.95,5.0,S,female,Mrs,1.0,1,target_1,0.0
113,0.35,0.95,5.0,S,female,Mrs,1.0,1,target_1,3.3306690738754696e-16
114,0.25,0.95,5.0,S,male,Mr,1.0,0,target_1,3.3306690738754696e-16
115,0.95,0.95,5.0,S,male,Mr,1.0,0,target_1,3.3306690738754696e-16
116,0.95,0.95,5.0,S,female,Mrs,1.0,1,target_1,1.1102230246251565e-16
117,0.65,0.85,0.0,C,female,Mrs,0.0,1,target_1,3.3306690738754696e-16
118,0.95,0.75,0.0,S,male,Mr,0.0,0,target_1,0.04999999999999993
119,0.95,0.95,2.0,S,male,rare,1.0,1,target_1,2.220446049250313e-16
120,0.85,0.75,1.0,C,male,Mr,0.0,1,target_1,0.0
121,0.75,0.95,1.0,S,female,Mrs,0.0,1,target_1,0.0
122,0.35,0.85,2.0,C,female,Mrs,1.0,1,target_1,0.5000000000000001
123,0.95,0.95,2.0,C,male,Mr,1.0,1,target_1,4.440892098500626e-16
124,0.95,0.95,2.0,C,female,Mrs,1.0,1,target_1,6.661338147750939e-16
125,0.75,0.05,0.0,S,male,Mr,0.0,0,target_2,0.10000000000000009
126,0.75,0.85,1.0,S,male,Mr,0.0,0,target_1,1.1102230246251565e-16
127,0.75,0.85,1.0,S,female,Mrs,0.0,1,target_1,1.1102230246251565e-16
128,0.95,0.85,0.0,S,male,Mr,0.0,0,target_1,0.11111111111111116
129,0.75,0.95,0.0,C,female,Mrs,0.0,1,target_1,1.1102230246251565e-16
130,0.35,0.85,1.0,C,female,Mrs,0.0,1,target_1,1.1102230246251565e-16
131,0.95,0.85,1.0,C,female,Mrs,0.0,1,target_1,3.3306690738754696e-16
132,0.35,0.95,0.0,C,male,Mr,0.0,0,target_1,5.551115123125783e-16
133,0.95,0.95,1.0,C,male,Mr,0.0,1,target_1,3.3306690738754696e-16
134,0.85,0.95,1.0,C,female,Mrs,0.0,1,target_1,2.220446049250313e-16
135,1.05,0.85,0.0,C,male,Mr,0.0,0,target_1,2.220446049250313e-16
136,0.95,0.75,0.0,C,male,rare,0.0,1,target_1,2.220446049250313e-16
137,0.25,0.75,0.0,S,female,Mrs,0.0,1,target_1,0.33333333333333337
138,0.85,0.95,1.0,S,male,Mr,0.0,0,target_1,4.440892098500626e-16
139,0.95,0.95,1.0,S,female,Mrs,0.0,1,target_1,0.0
140,0.35,0.95,1.0,C,male,Mr,0.0,1,target_1,3.3306690738754696e-16
141,0.95,0.95,1.0,C,female,Mrs,0.0,1,target_1,2.220446049250313e-16
142,0.95,0.95,0.0,C,male,Mr,0.0,0,target_1,4.440892098500626e-16
143,0.45,0.85,1.0,C,male,Mr,0.0,1,target_1,7.771561172376096e-16
144,0.45,0.85,1.0,C,female,Mrs,0.0,1,target_1,2.220446049250313e-16
145,0.95,0.95,1.0,C,male,Mr,0.0,1,target_1,3.3306690738754696e-16
146,0.95,0.95,1.0,C,female,Mrs,0.0,1,target_1,2.220446049250313e-16
147,0.55,0.85,0.0,S,male,Mr,0.0,0,target_1,0.5000000000000002
148,0.95,0.95,1.0,S,male,Mr,0.0,0,target_1,2.220446049250313e-16
149,0.75,0.95,1.0,S,female,Mrs,0.0,1,target_1,0.0
150,0.85,0.05,0.0,S,male,Mr,0.0,0,target_1,-4.440892098500626e-16
151,0.55,0.95,0.0,C,male,Mr,0.0,1,target_1,3.3306690738754696e-16
152,0.85,0.75,0.0,S,male,Mr,0.0,1,target_1,2.220446049250313e-16
153,0.35,0.95,0.0,C,female,Mrs,0.0,1,target_1,0.0
154,0.95,0.95,2.0,S,male,Mr,1.0,0,target_1,3.3306690738754696e-16
155,0.95,0.95,2.0,S,female,Mrs,1.0,1,target_1,0.0
156,0.85,0.85,0.0,S,male,Mr,0.0,0,target_1,1.1102230246251565e-16
157,0.85,0.85,0.0,S,male,Mr,0.0,0,target_1,1.1102230246251565e-16
158,0.95,0.85,0.0,S,male,Mr,0.0,0,target_1,0.11111111111111116
159,0.15,0.85,1.0,C,female,Mrs,0.0,1,target_1,4.440892098500626e-16
160,0.85,0.85,1.0,C,female,Mrs,0.0,1,target_1,0.0
161,0.95,0.95,1.0,S,female,Mrs,0.0,1,target_1,0.0
162,0.85,0.85,1.0,S,male,Mr,0.0,0,target_1,0.0
163,0.75,0.85,1.0,S,female,Mrs,0.0,1,target_1,1.1102230246251565e-16
164,0.75,0.75,0.0,C,male,Mr,0.0,1,target_1,4.440892098500626e-16
165,0.85,0.95,1.0,S,male,Mr,0.0,1,target_1,4.440892098500626e-16
166,0.85,0.75,0.0,C,male,Mr,0.0,0,target_1,2.220446049250313e-16
167,0.75,0.95,1.0,S,female,Mrs,0.0,1,target_1,0.0
168,0.85,0.95,0.0,S,female,Mrs,0.0,1,target_1,-2.220446049250313e-16
169,0.95,0.75,0.0,C,female,Mrs,0.0,0,target_1,4.440892098500626e-16
170,0.95,0.05,0.0,S,male,Mr,0.0,1,target_1,4.440892098500626e-16
171,0.95,0.75,0.0,S,male,Mr,0.0,0,target_1,0.04999999999999993
172,0.95,0.75,0.0,S,male,Mr,0.0,0,target_1,0.04999999999999993
173,0.65,0.95,0.0,C,male,Mr,0.0,0,target_1,6.661338147750939e-16
174,0.95,0.75,0.0,C,male,Mr,0.0,0,target_1,1.1102230246251565e-16
175,0.85,0.85,1.0,S,male,Mr,0.0,0,target_1,0.0
176,0.85,0.85,1.0,S,female,Mrs,0.0,1,target_1,2.220446049250313e-16
177,0.85,0.85,1.0,S,male,Mr,0.0,1,target_1,2.220446049250313e-16
178,0.95,0.85,1.0,S,female,Mrs,0.0,1,target_1,3.3306690738754696e-16
179,0.95,0.75,0.0,S,male,Mr,0.0,0,target_1,0.04999999999999993
180,0.85,0.95,0.0,S,female,Mrs,0.0,1,target_1,-2.220446049250313e-16
181,0.95,0.75,0.0,S,female,rare,0.0,1,target_1,4.440892098500626e-16
182,0.65,0.95,0.0,C,female,Mrs,0.0,1,target_1,0.0
183,0.75,1.05,0.0,C,male,Mr,0.0,1,target_1,2.220446049250313e-16
184,0.75,0.75,0.0,C,male,Mr,0.0,0,target_1,2.220446049250313e-16
185,0.85,0.75,0.0,S,male,Mr,0.0,0,target_1,0.25
186,0.95,0.75,0.0,C,female,Mrs,0.0,1,target_1,3.3306690738754696e-16
187,0.15,0.85,1.0,S,female,Mrs,0.0,1,target_1,4.440892098500626e-16
188,0.95,0.85,1.0,S,female,Mrs,0.0,1,target_1,3.3306690738754696e-16
189,0.55,0.75,0.0,S,male,Mr,0.0,0,target_1,0.666666666666667
190,0.25,0.95,0.0,S,female,Mrs,0.0,1,target_1,5.551115123125783e-16
191,0.65,0.85,0.0,S,male,Mr,0.0,0,target_1,2.220446049250313e-16
192,0.95,0.95,0.0,C,female,Mrs,0.0,1,target_1,2.220446049250313e-16
193,0.15,0.95,1.0,S,female,Mrs,0.0,1,target_1,2.220446049250313e-16
194,0.65,0.75,0.0,S,male,Mr,0.0,0,target_1,3.3306690738754696e-16
195,0.15,0.95,0.0,S,female,Mrs,0.0,1,target_1,1.1102230246251565e-16
196,0.85,0.75,0.0,C,male,Mr,0.0,1,target_1,1.1102230246251565e-16
197,0.25,0.85,1.0,S,male,Mr,0.0,0,target_1,2.220446049250313e-16
198,0.15,0.85,1.0,S,female,Mrs,0.0,1,target_1,4.440892098500626e-16
199,0.35,0.85,0.0,C,female,rare,0.0,1,target_1,4.440892098500626e-16
200,0.95,0.95,0.0,C,male,Mr,0.0,0,target_1,4.440892098500626e-16
201,0.95,0.85,0.0,S,male,Mr,0.0,0,target_1,0.11111111111111116
202,0.75,0.75,0.0,S,male,Mr,0.0,1,target_1,3.3306690738754696e-16
203,0.55,0.95,1.0,C,male,Mr,0.0,0,target_1,5.551115123125783e-16
204,0.45,0.95,1.0,C,female,Mrs,0.0,1,target_1,2.220446049250313e-16
205,0.95,0.75,0.0,S,male,Mr,0.0,0,target_1,0.04999999999999993
206,0.85,0.95,2.0,Q,male,rare,1.0,0,target_1,4.440892098500626e-16
207,0.65,0.95,1.0,Q,female,Mrs,0.0,1,target_1,6.661338147750939e-16
208,0.75,0.95,1.0,Q,female,Mrs,0.0,1,target_1,2.220446049250313e-16
209,0.65,0.85,1.0,C,male,Mr,0.0,1,target_1,5.551115123125783e-16
210,0.95,0.75,0.0,S,male,Mr,0.0,0,target_1,0.04999999999999993
211,0.95,0.85,0.0,S,male,Mr,0.0,0,target_1,0.11111111111111116
212,0.75,0.75,1.0,C,male,Mr,0.0,0,target_1,1.1102230246251565e-16
213,0.65,0.95,1.0,C,female,Mrs,0.0,1,target_1,1.1102230246251565e-16
214,0.35,0.95,1.0,C,female,Mrs,0.0,1,target_1,2.220446049250313e-16
215,0.95,0.95,2.0,C,male,Mr,1.0,0,target_1,5.551115123125783e-16
216,0.25,0.75,2.0,S,female,Mrs,1.0,1,target_1,0.0
217,0.95,0.75,0.0,S,male,Mr,0.0,0,target_1,0.04999999999999993
218,0.85,0.95,0.0,C,female,rare,0.0,1,target_1,1.1102230246251565e-16
219,0.95,0.75,0.0,C,male,Mr,0.0,1,target_1,0.0
220,0.35,0.95,1.0,C,female,Mrs,0.0,1,target_1,2.220446049250313e-16
221,0.95,0.95,1.0,C,male,Mr,0.0,0,target_1,2.220446049250313e-16
222,0.55,0.75,0.0,C,male,Mr,0.0,0,target_1,3.3306690738754696e-16
223,0.75,0.05,0.0,S,male,Mr,0.0,0,target_2,0.10000000000000009
224,0.95,0.75,0.0,S,male,Mr,0.0,0,target_1,0.04999999999999993
225,0.35,0.95,0.0,S,male,Mr,0.0,0,target_1,-4.440892098500626e-16
226,0.55,0.95,1.0,S,male,Mr,0.0,0,target_1,5.551115123125783e-16
227,0.35,0.95,1.0,S,female,Mrs,0.0,1,target_1,2.220446049250313e-16
228,0.15,0.95,1.0,C,male,Mr,0.0,0,target_1,3.3306690738754696e-16
229,0.15,0.95,1.0,C,female,Mrs,0.0,1,target_1,2.220446049250313e-16
230,0.65,0.95,0.0,S,female,Mrs,0.0,1,target_1,-2.220446049250313e-16
231,0.95,0.75,0.0,S,male,rare,0.0,1,target_1,3.3306690738754696e-16
232,0.95,0.85,0.0,S,male,Mr,0.0,0,target_1,0.11111111111111116
233,0.95,0.95,1.0,C,female,Mrs,0.0,1,target_1,2.220446049250313e-16
234,0.85,0.05,0.0,S,male,rare,0.0,0,target_1,-4.440892098500626e-16
235,0.55,0.85,0.0,S,male,Mr,0.0,1,target_1,0.6000000000000001
236,0.35,0.95,0.0,C,male,Mr,0.0,0,target_1,5.551115123125783e-16
237,0.85,0.95,0.0,C,male,Mr,0.0,0,target_1,3.3306690738754696e-16
238,0.85,0.95,1.0,S,female,Mrs,0.0,1,target_1,-4.440892098500626e-16
239,0.65,0.85,0.0,S,male,Mr,0.0,0,target_1,2.220446049250313e-16
240,0.95,0.75,0.0,S,male,Mr,0.0,1,target_1,1.1102230246251565e-16
241,0.95,0.85,0.0,S,male,Mr,0.0,0,target_1,0.11111111111111116
242,0.65,0.75,0.0,C,female,Mrs,0.0,1,target_1,3.3306690738754696e-16
243,0.95,0.95,0.0,C,male,Mr,0.0,0,target_1,4.440892098500626e-16
244,0.75,0.85,0.0,C,male,Mr,0.0,0,target_1,0.0
245,0.65,0.95,0.0,S,female,rare,0.0,1,target_1,0.0
246,0.95,0.85,1.0,C,male,Mr,0.0,0,target_1,1.1102230246251565e-16
247,0.95,0.85,1.0,C,female,Mrs,0.0,1,target_1,3.3306690738754696e-16
248,0.65,0.75,0.0,S,male,Mr,0.0,0,target_1,3.3306690738754696e-16
249,0.15,0.95,4.0,C,male,Mr,1.0,1,target_1,4.440892098500626e-16
250,0.15,0.95,4.0,C,female,Mrs,1.0,1,target_1,3.3306690738754696e-16
251,0.25,0.95,4.0,C,female,Mrs,1.0,1,target_1,5.551115123125783e-16
252,0.95,0.95,4.0,C,male,Mr,1.0,0,target_1,5.551115123125783e-16
253,0.95,0.95,4.0,C,female,Mrs,1.0,1,target_1,3.3306690738754696e-16
254,0.85,0.75,0.0,S,male,Mr,0.0,1,target_1,2.220446049250313e-16
255,0.35,0.95,0.0,C,female,rare,0.0,1,target_1,1.1102230246251565e-16
256,0.25,0.75,0.0,S,male,Mr,0.0,1,target_1,3.3306690738754696e-16
257,0.75,0.85,1.0,C,female,Mrs,0.0,1,target_1,0.0
258,0.65,0.75,0.0,C,female,Mrs,0.0,1,target_1,3.3306690738754696e-16
259,0.75,0.75,0.0,S,male,Mr,0.0,1,target_1,3.3306690738754696e-16
260,0.85,0.95,0.0,S,female,Mrs,0.0,1,target_1,-2.220446049250313e-16
261,0.75,0.75,0.0,S,male,Mr,0.0,1,target_1,3.3306690738754696e-16
262,0.95,0.85,1.0,S,male,Mr,0.0,0,target_1,2.220446049250313e-16
263,0.85,0.85,1.0,S,female,Mrs,0.0,1,target_1,2.220446049250313e-16
264,0.95,0.85,0.0,C,male,rare,0.0,1,target_1,2.220446049250313e-16
265,0.55,0.85,0.0,S,male,Mr,0.0,1,target_1,0.6000000000000001
266,0.95,0.75,0.0,S,male,Mr,0.0,0,target_1,0.04999999999999993
267,0.95,0.75,0.0,C,male,Mr,0.0,0,target_1,1.1102230246251565e-16
268,0.35,0.85,1.0,S,male,Mr,0.0,0,target_1,4.440892098500626e-16
269,0.25,0.75,0.0,S,male,Mr,0.0,0,target_1,0.0
270,0.15,0.85,1.0,S,female,Mrs,0.0,1,target_1,4.440892098500626e-16
271,0.35,0.95,1.0,S,male,Mr,0.0,1,target_1,4.440892098500626e-16
272,0.35,0.95,1.0,S,female,Mrs,0.0,1,target_1,2.220446049250313e-16
273,0.05,0.95,2.0,C,male,Mr,1.0,1,target_1,9.992007221626409e-16
274,0.95,0.95,2.0,C,male,Mr,1.0,1,target_1,4.440892098500626e-16
275,0.85,0.95,2.0,C,female,Mrs,1.0,1,target_1,5.551115123125783e-16
276,0.95,0.95,1.0,C,male,Mr,0.0,0,target_1,2.220446049250313e-16
277,0.65,0.95,1.0,C,female,Mrs,0.0,1,target_1,1.1102230246251565e-16
278,0.65,0.75,0.0,C,male,rare,0.0,1,target_1,1.1102230246251565e-16
279,0.95,0.75,0.0,S,male,Mr,0.0,0,target_1,0.04999999999999993
280,0.95,0.85,1.0,C,male,Mr,0.0,1,target_1,2.220446049250313e-16
281,0.85,0.85,1.0,C,female,Mrs,0.0,1,target_1,0.0
282,0.95,0.95,1.0,C,female,Mrs,0.0,1,target_1,2.220446049250313e-16
283,0.75,0.75,0.0,C,male,Mr,0.0,0,target_1,2.220446049250313e-16
284,0.95,0.95,0.0,S,female,Mrs,0.0,1,target_1,-4.440892098500626e-16
285,1.05,0.95,1.0,S,male,Mr,0.0,0,target_1,0.0
286,0.95,0.95,1.0,S,female,Mrs,0.0,0,target_1,4.440892098500626e-16
287,0.95,0.75,0.0,S,male,Mr,0.0,0,target_1,0.04999999999999993
288,0.95,0.75,0.0,S,female,Mrs,0.0,1,target_1,-2.220446049250313e-16
289,0.15,0.95,2.0,S,female,Mrs,1.0,1,target_1,6.661338147750939e-16
290,0.95,0.95,2.0,S,male,Mr,1.0,0,target_1,3.3306690738754696e-16
291,0.85,0.95,2.0,S,female,Mrs,1.0,1,target_1,3.3306690738754696e-16
292,0.95,0.85,1.0,S,male,Mr,0.0,1,target_1,4.440892098500626e-16
293,0.75,0.85,1.0,S,female,Mrs,0.0,1,target_1,1.1102230246251565e-16
294,0.95,0.95,2.0,C,male,Mr,1.0,0,target_1,5.551115123125783e-16
295,0.15,0.95,2.0,C,male,Mr,1.0,1,target_1,7.771561172376096e-16
296,0.85,0.95,2.0,C,female,Mrs,1.0,1,target_1,5.551115123125783e-16
297,0.95,0.95,0.0,C,female,Mrs,0.0,1,target_1,2.220446049250313e-16
298,0.65,0.75,0.0,C,male,Mr,0.0,1,target_1,1.1102230246251565e-16
299,0.85,0.75,0.0,C,male,rare,0.0,0,target_1,5.551115123125783e-16
300,0.95,0.75,0.0,S,male,Mr,0.0,0,target_1,0.04999999999999993
301,0.95,0.75,0.0,S,male,Mr,0.0,0,target_1,0.04999999999999993
302,0.75,1.05,0.0,C,female,Mrs,0.0,1,target_1,1.1102230246251565e-16
303,0.95,0.95,1.0,C,male,Mr,0.0,0,target_1,2.220446049250313e-16
304,0.95,0.95,1.0,C,female,Mrs,0.0,1,target_1,2.220446049250313e-16
305,0.95,0.75,0.0,S,male,rare,0.0,0,target_1,0.0
306,0.95,0.95,1.0,S,male,Mr,0.0,0,target_1,2.220446049250313e-16
307,0.25,0.95,1.0,S,male,Mr,0.0,0,target_1,5.551115123125783e-16
308,0.95,0.95,0.0,C,female,Mrs,0.0,1,target_1,2.220446049250313e-16
309,0.65,0.95,2.0,S,female,Mrs,1.0,1,target_1,5.551115123125783e-16
310,0.95,0.95,2.0,S,male,Mr,1.0,0,target_1,3.3306690738754696e-16
311,0.95,0.95,2.0,S,female,Mrs,1.0,1,target_1,0.0
312,0.95,0.95,2.0,C,male,Mr,1.0,0,target_1,5.551115123125783e-16
313,0.55,0.95,2.0,C,male,Mr,1.0,0,target_1,8.881784197001252e-16
314,0.95,0.95,2.0,C,female,Mrs,1.0,1,target_1,6.661338147750939e-16
315,0.25,0.75,0.0,S,female,Mrs,0.0,1,target_1,0.33333333333333337
316,0.95,0.95,1.0,C,male,Mr,0.0,0,target_1,2.220446049250313e-16
317,0.25,0.95,1.0,C,male,Mr,0.0,1,target_1,2.220446049250313e-16
318,0.95,0.85,0.0,S,male,Mr,0.0,0,target_1,0.11111111111111116
319,0.65,0.95,0.0,C,female,Mrs,0.0,1,target_1,0.0
320,0.85,0.85,0.0,S,male,Mr,0.0,1,target_1,3.3306690738754696e-16
321,0.95,0.75,0.0,S,male,Mr,0.0,0,target_1,0.04999999999999993
322,0.75,0.95,0.0,C,female,Mrs,0.0,1,target_1,1.1102230246251565e-16
323,0.65,0.65,1.0,C,male,Mr,0.0,0,target_2,0.0
324,0.55,0.65,1.0,C,female,Mrs,0.0,1,target_2,3.3306690738754696e-16
325,0.65,0.45,0.0,S,male,Mr,0.0,0,target_2,0.16666666666666696
326,0.15,0.45,0.0,S,male,Mr,0.0,0,target_2,0.16666666666666652
327,0.45,0.45,0.0,S,male,Mr,0.0,0,target_2,1.1102230246251565e-16
328,0.75,0.75,1.0,S,male,Mr,0.0,0,target_2,0.0
329,0.75,0.75,1.0,S,female,Mrs,0.0,1,target_2,1.1102230246251565e-16
330,0.95,0.45,0.0,S,male,Mr,0.0,0,target_2,-2.220446049250313e-16
331,0.15,0.45,0.0,S,male,Mr,0.0,0,target_2,0.16666666666666652
332,0.35,0.45,0.0,S,male,Mr,0.0,0,target_2,0.33333333333333315
333,0.75,0.45,0.0,S,female,Mrs,0.0,1,target_2,3.3306690738754696e-16
334,0.55,0.45,0.0,S,male,Mr,0.0,0,target_2,0.4444444444444443
335,0.95,0.45,0.0,S,male,rare,0.0,0,target_2,2.220446049250313e-16
336,0.65,0.75,1.0,S,male,Mr,0.0,1,target_2,0.0
337,0.25,0.75,1.0,S,female,Mrs,0.0,1,target_2,4.440892098500626e-16
338,0.55,0.75,0.0,S,male,Mr,0.0,0,target_2,0.33333333333333326
339,0.05,0.85,3.0,S,male,Mr,1.0,1,target_2,-2.220446049250313e-16
340,0.05,0.85,3.0,S,female,Mrs,1.0,1,target_2,2.220446049250313e-16
341,0.15,0.85,3.0,S,female,Mrs,1.0,1,target_2,3.3306690738754696e-16
342,0.75,0.85,3.0,S,female,Mrs,1.0,1,target_2,2.220446049250313e-16
343,0.75,0.45,0.0,S,male,Mr,0.0,1,target_2,3.3306690738754696e-16
344,0.25,0.45,0.0,S,female,Mrs,0.0,1,target_2,2.220446049250313e-16
345,0.35,0.45,0.0,S,male,Mr,0.0,0,target_2,0.33333333333333315
346,0.45,0.45,0.0,S,male,Mr,0.0,0,target_2,1.1102230246251565e-16
347,0.85,0.45,0.0,S,male,Mr,0.0,0,target_2,2.220446049250313e-16
348,0.55,0.45,0.0,S,male,Mr,0.0,0,target_2,0.4444444444444443
349,0.35,0.45,0.0,S,female,Mrs,0.0,1,target_2,3.3306690738754696e-16
350,0.15,0.85,2.0,S,female,Mrs,1.0,1,target_2,-2.220446049250313e-16
351,0.95,0.85,2.0,S,male,Mr,1.0,0,target_2,-2.220446049250313e-16
352,0.85,0.85,2.0,S,female,Mrs,1.0,1,target_2,1.1102230246251565e-16
353,0.25,0.75,1.0,S,female,Mrs,0.0,1,target_2,4.440892098500626e-16
354,0.45,0.75,1.0,S,male,Mr,0.0,0,target_2,2.220446049250313e-16
355,0.75,0.45,0.0,S,female,Mrs,0.0,1,target_2,3.3306690738754696e-16
356,0.45,0.45,0.0,S,male,Mr,0.0,0,target_2,1.1102230246251565e-16
357,0.85,0.45,0.0,S,male,rare,0.0,0,target_2,2.220446049250313e-16
358,0.85,0.45,0.0,S,female,Mrs,0.0,1,target_2,3.3306690738754696e-16
359,0.05,0.75,2.0,S,male,Mr,1.0,1,target_2,1.1102230246251565e-16
360,0.45,0.75,2.0,S,male,Mr,1.0,1,target_2,0.0
361,0.35,0.75,2.0,S,female,Mrs,1.0,1,target_2,3.3306690738754696e-16
362,0.75,0.65,0.0,S,female,Mrs,0.0,1,target_2,1.1102230246251565e-16
363,0.75,0.05,0.0,S,male,Mr,0.0,0,target_2,0.10000000000000009
364,0.25,0.45,0.0,S,male,Mr,0.0,0,target_2,0.33333333333333337
365,0.85,0.75,1.0,S,female,Mrs,0.0,0,target_2,3.3306690738754696e-16
366,0.95,0.75,1.0,S,male,rare,0.0,0,target_2,2.220446049250313e-16
367,0.95,0.55,0.0,S,male,Mr,0.0,0,target_2,-2.220446049250313e-16
368,0.75,0.75,1.0,S,male,Mr,0.0,0,target_2,0.0
369,0.55,0.75,1.0,S,female,Mrs,0.0,0,target_2,7.771561172376096e-16
370,0.45,0.75,2.0,S,female,Mrs,1.0,1,target_2,4.440892098500626e-16
371,0.95,0.75,2.0,S,female,Mrs,1.0,1,target_2,0.5000000000000001
372,0.55,0.75,1.0,S,male,Mr,0.0,0,target_2,1.1102230246251565e-16
373,0.55,0.75,1.0,S,female,Mrs,0.0,1,target_2,5.551115123125783e-16
374,0.55,0.45,0.0,S,male,Mr,0.0,0,target_2,0.4444444444444443
375,0.55,0.45,0.0,S,male,Mr,0.0,0,target_2,0.4444444444444443
376,0.35,0.45,0.0,S,male,Mr,0.0,1,target_2,2.220446049250313e-16
377,0.15,0.75,2.0,S,female,Mrs,1.0,1,target_2,5.551115123125783e-16
378,0.65,0.75,2.0,S,male,Mr,1.0,0,target_2,1.1102230246251565e-16
379,0.65,0.75,2.0,S,female,Mrs,1.0,1,target_2,1.1102230246251565e-16
380,0.35,0.45,0.0,S,female,Mrs,0.0,1,target_2,3.3306690738754696e-16
381,0.65,0.45,0.0,S,female,Mrs,0.0,0,target_2,3.3306690738754696e-16
382,0.75,0.65,0.0,S,female,Mrs,0.0,0,target_2,0.0
383,0.25,0.45,0.0,S,male,Mr,0.0,0,target_2,0.33333333333333337
384,0.75,0.05,0.0,S,male,Mr,0.0,0,target_2,0.10000000000000009
385,0.15,0.85,2.0,S,male,Mr,1.0,1,target_2,-2.220446049250313e-16
386,0.15,0.95,0.0,S,male,Mr,0.0,0,target_2,-2.220446049250313e-16
387,0.95,0.85,2.0,S,female,Mrs,1.0,1,target_2,0.75
388,0.55,0.45,0.0,S,female,Mrs,0.0,1,target_2,1.1102230246251565e-16
389,0.65,0.45,0.0,S,male,Mr,0.0,0,target_2,0.16666666666666696
390,0.15,0.95,0.0,S,male,Mr,0.0,0,target_2,-2.220446049250313e-16
391,0.55,0.75,1.0,C,male,Mr,0.0,0,target_2,2.220446049250313e-16
392,0.35,0.75,1.0,C,female,Mrs,0.0,1,target_2,1.1102230246251565e-16
393,0.45,0.75,0.0,S,male,Mr,0.0,0,target_2,0.0
394,0.15,0.95,0.0,S,male,Mr,0.0,0,target_2,-2.220446049250313e-16
395,0.15,0.65,1.0,S,female,Mrs,0.0,1,target_2,0.3333333333333336
396,0.75,0.65,1.0,S,female,Mrs,0.0,1,target_2,0.5000000000000001
397,0.95,0.75,0.0,S,male,Mr,0.0,0,target_2,0.95
398,0.15,0.75,2.0,S,male,Mr,1.0,1,target_2,1.1102230246251565e-16
399,0.85,0.75,2.0,S,male,Mr,1.0,0,target_2,1.1102230246251565e-16
400,0.75,0.75,2.0,S,female,Mrs,1.0,1,target_2,3.3306690738754696e-16
401,0.55,0.55,1.0,C,female,Mrs,0.0,1,target_2,-2.220446049250313e-16
402,0.65,0.55,1.0,C,female,Mrs,0.0,1,target_2,1.1102230246251565e-16
403,0.35,0.45,0.0,S,male,Mr,0.0,0,target_2,0.33333333333333315
404,0.25,0.45,0.0,S,male,Mr,0.0,0,target_2,0.33333333333333337
405,0.15,0.45,0.0,S,male,Mr,0.0,0,target_2,0.16666666666666652
406,0.85,0.75,1.0,S,male,Mr,0.0,0,target_2,4.440892098500626e-16
407,0.55,0.75,1.0,S,female,Mrs,0.0,1,target_2,5.551115123125783e-16
408,0.15,0.45,0.0,S,male,Mr,0.0,0,target_2,0.16666666666666652
409,0.75,0.45,0.0,S,male,Mr,0.0,0,target_2,0.125
410,0.75,0.05,0.0,S,male,Mr,0.0,0,target_2,0.10000000000000009
411,0.85,0.45,0.0,S,female,Mrs,0.0,0,target_2,1.1102230246251565e-16
412,0.75,0.75,0.0,S,male,Mr,0.0,0,target_2,0.0
413,0.85,0.65,1.0,S,male,Mr,0.0,0,target_2,0.3333333333333335
414,0.75,0.65,1.0,S,male,Mr,0.0,0,target_2,3.3306690738754696e-16
415,0.75,0.45,0.0,S,female,Mrs,0.0,1,target_2,3.3306690738754696e-16
416,0.15,0.75,0.0,S,male,Mr,0.0,0,target_2,0.0
417,0.45,0.45,0.0,S,male,Mr,0.0,0,target_2,1.1102230246251565e-16
418,0.95,0.45,0.0,S,male,Mr,0.0,0,target_2,-2.220446049250313e-16
419,0.25,0.45,1.0,S,male,Mr,0.0,0,target_2,0.0
420,0.25,0.45,1.0,S,male,Mr,0.0,0,target_2,0.0
421,0.35,0.55,0.0,S,male,Mr,0.0,0,target_2,-2.220446049250313e-16
422,0.35,0.45,0.0,S,male,Mr,0.0,0,target_2,0.33333333333333315
423,0.75,0.45,0.0,S,male,Mr,0.0,0,target_2,0.125
424,0.65,0.45,0.0,S,male,Mr,0.0,0,target_2,0.16666666666666696
425,0.95,0.45,0.0,S,male,Mr,0.0,0,target_2,-2.220446049250313e-16
426,0.65,0.45,0.0,S,male,Mr,0.0,0,target_2,0.16666666666666696
427,0.05,0.55,2.0,S,male,Mr,1.0,1,target_2,0.5000000000000001
428,0.35,0.55,2.0,S,female,Mrs,1.0,1,target_2,-2.220446049250313e-16
429,0.85,0.45,0.0,S,male,Mr,0.0,0,target_2,2.220446049250313e-16
430,0.05,0.75,1.0,S,female,Mrs,0.0,1,target_2,3.3306690738754696e-16
431,0.55,0.75,1.0,S,male,rare,0.0,0,target_2,5.551115123125783e-16
432,0.95,0.45,0.0,S,male,Mr,0.0,1,target_2,2.220446049250313e-16
433,0.65,0.45,0.0,S,male,Mr,0.0,0,target_2,0.16666666666666696
434,0.05,0.75,2.0,S,female,Mrs,1.0,1,target_2,2.220446049250313e-16
435,0.85,0.75,2.0,S,male,Mr,1.0,0,target_2,1.1102230246251565e-16
436,0.95,0.75,2.0,S,female,Mrs,1.0,1,target_2,0.5000000000000001
437,0.35,0.95,3.0,S,female,Mrs,1.0,1,target_2,2.220446049250313e-16
438,0.35,0.95,3.0,S,female,Mrs,1.0,1,target_2,2.220446049250313e-16
439,0.95,0.95,3.0,S,male,Mr,1.0,0,target_2,5.551115123125783e-16
440,0.95,0.95,3.0,S,female,Mrs,1.0,1,target_2,0.0
441,0.95,0.65,0.0,S,female,Mrs,0.0,1,target_2,2.220446049250313e-16
442,0.35,0.95,2.0,S,male,Mr,1.0,0,target_2,0.0
443,0.65,0.95,2.0,S,male,Mr,1.0,0,target_2,0.0
444,0.25,0.95,2.0,S,male,Mr,1.0,0,target_2,0.0
445,0.15,0.45,2.0,S,female,Mrs,1.0,0,target_2,1.1102230246251565e-16
446,0.25,0.65,3.0,S,female,Mrs,1.0,1,target_2,1.1102230246251565e-16
447,0.35,0.45,3.0,S,male,Mr,1.0,0,target_2,4.440892098500626e-16
448,0.75,0.45,0.0,S,male,Mr,0.0,0,target_2,0.125
449,0.95,0.65,4.0,S,female,Mrs,1.0,1,target_2,0.0
450,0.95,0.45,0.0,S,male,Mr,0.0,0,target_2,-2.220446049250313e-16
451,0.85,0.75,1.0,S,male,Mr,0.0,0,target_2,4.440892098500626e-16
452,0.55,0.75,1.0,S,female,Mrs,0.0,1,target_2,5.551115123125783e-16
453,0.25,0.95,0.0,S,male,Mr,0.0,0,target_2,0.0
454,0.85,0.45,0.0,S,male,Mr,0.0,1,target_2,4.440892098500626e-16
455,0.95,0.75,1.0,S,male,Mr,0.0,0,target_2,-2.220446049250313e-16
456,0.95,0.75,1.0,S,female,Mrs,0.0,0,target_2,4.440892098500626e-16
457,0.65,0.45,0.0,S,male,Mr,0.0,0,target_2,0.16666666666666696
458,0.15,0.45,0.0,S,female,Mrs,0.0,1,target_2,0.5
459,0.85,0.75,1.0,S,male,Mr,0.0,0,target_2,4.440892098500626e-16
460,0.35,0.75,3.0,S,female,Mrs,1.0,1,target_2,5.551115123125783e-16
461,0.95,0.55,0.0,S,male,Mr,0.0,0,target_2,-2.220446049250313e-16
462,0.35,0.75,2.0,S,male,Mr,1.0,0,target_2,4.440892098500626e-16
463,0.35,0.75,2.0,S,male,Mr,1.0,0,target_2,4.440892098500626e-16
464,0.65,0.45,0.0,S,male,Mr,0.0,0,target_2,0.16666666666666696
465,0.35,0.55,0.0,C,female,Mrs,0.0,1,target_2,2.220446049250313e-16
466,0.75,0.75,1.0,S,male,Mr,0.0,0,target_2,0.0
467,0.35,0.75,1.0,S,female,Mrs,0.0,1,target_2,5.551115123125783e-16
468,0.35,0.65,0.0,S,female,Mrs,0.0,0,target_2,2.220446049250313e-16
469,0.85,0.45,0.0,Q,female,Mrs,0.0,1,target_2,0.0
470,0.75,0.45,0.0,Q,male,Mr,0.0,0,target_2,-2.220446049250313e-16
471,0.95,0.55,0.0,S,female,Mrs,0.0,1,target_2,0.0
472,0.95,0.45,0.0,Q,male,rare,0.0,0,target_2,3.3306690738754696e-16
473,0.75,0.05,0.0,S,male,Mr,0.0,0,target_2,0.10000000000000009
474,0.65,0.45,0.0,S,male,Mr,0.0,0,target_2,0.16666666666666696
475,0.45,0.75,2.0,S,female,Mrs,1.0,0,target_2,5.551115123125783e-16
476,0.65,0.75,2.0,S,male,rare,1.0,0,target_2,4.440892098500626e-16
477,0.85,0.45,0.0,Q,male,Mr,0.0,0,target_2,4.440892098500626e-16
478,0.05,0.85,3.0,C,female,Mrs,1.0,1,target_2,0.0
479,0.05,0.85,3.0,C,female,Mrs,1.0,1,target_2,0.0
480,0.45,0.85,3.0,C,male,Mr,1.0,0,target_2,4.440892098500626e-16
481,0.35,0.85,3.0,C,female,Mrs,1.0,1,target_2,4.440892098500626e-16
482,0.15,0.45,0.0,C,female,Mrs,0.0,1,target_2,1.1102230246251565e-16
483,0.75,0.75,0.0,S,female,Mrs,0.0,1,target_2,3.3306690738754696e-16
484,0.75,0.45,0.0,S,female,Mrs,0.0,1,target_2,3.3306690738754696e-16
485,0.75,0.45,0.0,C,male,Mr,0.0,0,target_2,-2.220446049250313e-16
486,0.35,0.45,0.0,S,male,Mr,0.0,0,target_2,0.33333333333333315
487,0.95,0.45,0.0,Q,male,Mr,0.0,0,target_2,4.440892098500626e-16
488,0.95,0.75,1.0,S,male,Mr,0.0,0,target_2,-2.220446049250313e-16
489,0.85,0.75,1.0,S,female,Mrs,0.0,1,target_2,1.1102230246251565e-16
490,0.95,0.45,0.0,S,female,Mrs,0.0,0,target_2,2.220446049250313e-16
491,0.75,0.55,0.0,C,male,Mr,0.0,0,target_2,0.0
492,0.05,0.85,2.0,C,male,Mr,1.0,1,target_2,0.0
493,0.65,0.85,2.0,C,male,Mr,1.0,0,target_2,0.0
494,0.35,0.85,2.0,C,female,Mrs,1.0,1,target_2,0.5000000000000001
495,0.55,0.55,0.0,C,male,Mr,0.0,0,target_2,0.0
496,0.65,0.45,0.0,S,male,Mr,0.0,0,target_2,0.16666666666666696
497,0.85,0.65,0.0,S,male,Mr,0.0,0,target_2,0.5000000000000001
498,0.65,0.55,0.0,S,male,Mr,0.0,0,target_2,0.6666666666666667
499,0.65,0.45,0.0,S,male,Mr,0.0,0,target_2,0.16666666666666696
500,0.95,0.75,0.0,S,male,Mr,0.0,0,target_1,0.04999999999999993
501,0.15,0.65,1.0,S,female,Mrs,0.0,1,target_2,0.3333333333333336
502,0.85,0.65,1.0,S,female,Mrs,0.0,1,target_2,2.220446049250313e-16
503,0.25,0.45,0.0,S,male,Mr,0.0,1,target_2,1.1102230246251565e-16
504,0.85,0.45,0.0,S,male,Mr,0.0,0,target_2,2.220446049250313e-16
505,0.95,0.45,0.0,S,male,Mr,0.0,0,target_2,-2.220446049250313e-16
506,1.05,0.45,0.0,S,male,Mr,0.0,0,target_2,4.440892098500626e-16
507,0.55,0.45,0.0,S,male,rare,0.0,0,target_2,4.440892098500626e-16
508,0.95,0.55,0.0,S,male,rare,0.0,0,target_2,4.440892098500626e-16
509,0.85,0.75,0.0,S,male,Mr,0.0,0,target_2,0.75
510,0.15,0.45,0.0,S,male,Mr,0.0,0,target_2,0.16666666666666652
511,0.95,0.45,0.0,Q,male,Mr,0.0,0,target_2,4.440892098500626e-16
512,0.65,0.75,1.0,C,male,Mr,0.0,0,target_2,2.220446049250313e-16
513,0.15,0.75,1.0,C,female,Mrs,0.0,1,target_2,3.3306690738754696e-16
514,0.05,0.75,2.0,S,male,Mr,1.0,1,target_2,1.1102230246251565e-16
515,0.05,0.75,2.0,S,male,Mr,1.0,1,target_2,1.1102230246251565e-16
516,0.75,0.75,2.0,S,male,Mr,1.0,0,target_2,3.3306690738754696e-16
517,0.45,0.45,0.0,S,male,Mr,0.0,0,target_2,1.1102230246251565e-16
518,0.25,0.85,2.0,S,male,Mr,1.0,0,target_2,-2.220446049250313e-16
519,0.55,0.55,0.0,S,male,Mr,0.0,0,target_2,0.0
520,0.25,0.55,0.0,C,male,Mr,0.0,1,target_2,1.1102230246251565e-16
521,0.55,0.45,0.0,S,female,Mrs,0.0,1,target_2,1.1102230246251565e-16
522,0.85,0.45,0.0,S,male,Mr,0.0,0,target_2,2.220446049250313e-16
523,0.35,0.45,0.0,S,male,Mr,0.0,1,target_2,2.220446049250313e-16
524,0.45,0.55,0.0,C,male,Mr,0.0,1,target_2,2.220446049250313e-16
525,0.35,0.45,0.0,S,male,rare,0.0,0,target_2,2.220446049250313e-16
526,0.55,0.55,0.0,C,male,Mr,0.0,1,target_2,2.220446049250313e-16
527,0.55,0.45,0.0,S,male,Mr,0.0,0,target_2,0.4444444444444443
528,0.75,0.05,0.0,S,male,Mr,0.0,0,target_2,0.10000000000000009
529,0.95,0.75,1.0,S,female,Mrs,0.0,1,target_2,2.220446049250313e-16
530,0.25,0.45,0.0,S,male,Mr,0.0,0,target_2,0.33333333333333337
531,0.75,0.55,0.0,C,male,Mr,0.0,0,target_2,0.0
532,0.85,0.45,0.0,S,male,rare,0.0,0,target_2,2.220446049250313e-16
533,0.25,0.65,1.0,S,female,Mrs,0.0,1,target_2,1.1102230246251565e-16
534,0.25,0.75,0.0,S,female,Mrs,0.0,1,target_2,0.6666666666666667
535,0.85,0.65,1.0,S,male,Mr,0.0,0,target_2,0.3333333333333335
536,0.65,0.45,0.0,S,female,Mrs,0.0,1,target_2,0.25000000000000033
537,0.75,0.45,0.0,S,male,Mr,0.0,0,target_2,0.125
538,0.65,0.45,0.0,C,male,Mr,0.0,1,target_2,4.440892098500626e-16
539,0.55,0.55,0.0,C,male,Mr,0.0,0,target_2,0.0
540,0.05,0.75,2.0,S,female,Mrs,1.0,1,target_2,2.220446049250313e-16
541,0.15,0.75,2.0,S,female,Mrs,1.0,1,target_2,5.551115123125783e-16
542,0.65,0.75,2.0,S,female,Mrs,1.0,1,target_2,1.1102230246251565e-16
543,0.75,0.45,0.0,S,male,Mr,0.0,0,target_2,0.125
544,0.75,0.65,1.0,S,male,Mr,0.0,0,target_2,3.3306690738754696e-16
545,0.65,0.65,3.0,S,female,Mrs,1.0,1,target_2,0.5000000000000001
546,0.55,0.45,0.0,S,female,rare,0.0,1,target_2,3.3306690738754696e-16
547,0.35,0.55,0.0,C,male,Mr,0.0,0,target_2,-2.220446049250313e-16
548,0.05,0.65,2.0,S,male,Mr,1.0,1,target_2,1.1102230246251565e-16
549,0.05,0.65,2.0,S,male,Mr,1.0,1,target_2,1.1102230246251565e-16
550,0.35,0.65,5.0,S,female,Mrs,1.0,1,target_2,-2.220446049250313e-16
551,0.95,0.45,0.0,S,female,Mrs,0.0,1,target_2,0.3333333333333336
552,0.25,0.45,0.0,S,male,Mr,0.0,0,target_2,0.33333333333333337
553,0.25,0.45,0.0,S,female,Mrs,0.0,1,target_2,2.220446049250313e-16
554,0.45,0.45,0.0,S,male,Mr,0.0,0,target_2,1.1102230246251565e-16
555,0.45,0.45,0.0,S,male,Mr,0.0,0,target_2,1.1102230246251565e-16
556,0.55,0.75,0.0,S,male,Mr,0.0,0,target_2,0.33333333333333326
557,0.45,0.75,1.0,S,female,Mrs,0.0,1,target_2,6.661338147750939e-16
558,0.15,0.45,2.0,S,female,Mrs,1.0,1,target_2,2.220446049250313e-16
559,0.25,0.85,0.0,S,female,Mrs,0.0,1,target_2,-2.220446049250313e-16
560,0.65,0.45,0.0,S,female,Mrs,0.0,1,target_2,0.25000000000000033
561,0.95,0.55,0.0,S,male,Mr,0.0,0,target_2,-2.220446049250313e-16
562,0.65,0.45,0.0,Q,female,Mrs,0.0,1,target_2,4.440892098500626e-16
563,0.75,0.45,0.0,S,male,Mr,0.0,0,target_2,0.125
564,0.85,0.45,0.0,S,female,Mrs,0.0,1,target_2,3.3306690738754696e-16
565,0.45,0.45,0.0,S,male,Mr,0.0,0,target_2,1.1102230246251565e-16
566,0.85,0.55,0.0,C,male,Mr,0.0,0,target_2,-2.220446049250313e-16
567,0.45,0.45,0.0,S,male,Mr,0.0,0,target_2,1.1102230246251565e-16
568,0.25,0.45,0.0,S,male,Mr,0.0,0,target_2,0.33333333333333337
569,0.15,0.95,0.0,S,male,Mr,0.0,0,target_2,-2.220446049250313e-16
570,0.95,0.45,0.0,S,female,Mrs,0.0,1,target_2,0.3333333333333336
571,0.35,0.45,0.0,S,male,Mr,0.0,0,target_2,0.33333333333333315
572,0.55,0.45,0.0,S,female,Mrs,0.0,1,target_2,1.1102230246251565e-16
573,0.55,0.45,0.0,S,female,Mrs,0.0,1,target_2,1.1102230246251565e-16
574,0.55,0.65,1.0,S,male,Mr,0.0,0,target_2,-2.220446049250313e-16
575,0.55,0.65,1.0,S,female,Mrs,0.0,0,target_2,1.1102230246251565e-16
576,0.85,0.45,0.0,S,male,Mr,0.0,0,target_2,2.220446049250313e-16
577,0.65,0.65,0.0,S,female,Mrs,0.0,1,target_2,1.1102230246251565e-16
578,0.65,0.65,1.0,S,male,Mr,0.0,0,target_2,0.75
579,0.35,0.45,1.0,S,male,Mr,0.0,0,target_2,2.220446049250313e-16
580,0.65,0.65,0.0,S,female,Mrs,0.0,1,target_2,1.1102230246251565e-16
581,0.75,0.05,0.0,S,male,Mr,0.0,0,target_2,0.10000000000000009
582,0.15,0.55,0.0,S,female,Mrs,0.0,1,target_2,-2.220446049250313e-16
583,0.85,0.55,0.0,S,female,Mrs,0.0,1,target_2,0.0
584,0.65,0.45,0.0,S,female,Mrs,0.0,1,target_2,0.25000000000000033
585,0.55,0.75,1.0,S,male,Mr,0.0,0,target_2,1.1102230246251565e-16
586,0.55,0.75,1.0,S,female,Mrs,0.0,1,target_2,5.551115123125783e-16
587,0.05,0.65,2.0,S,male,Mr,1.0,1,target_2,1.1102230246251565e-16
588,0.05,0.65,2.0,S,female,Mrs,1.0,1,target_2,0.75
589,0.55,0.65,2.0,S,female,Mrs,1.0,1,target_2,0.0
590,0.05,0.75,3.0,S,female,Mrs,1.0,1,target_2,7.771561172376096e-16
591,0.05,0.75,3.0,S,female,Mrs,1.0,1,target_2,7.771561172376096e-16
592,0.75,0.75,3.0,S,male,Mr,1.0,0,target_2,3.3306690738754696e-16
593,0.65,0.75,3.0,S,female,Mrs,1.0,1,target_2,4.440892098500626e-16
594,1.05,0.45,0.0,S,male,Mr,0.0,0,target_2,4.440892098500626e-16
595,0.75,0.45,0.0,S,male,Mr,0.0,0,target_2,0.125
596,0.65,0.45,0.0,S,male,Mr,0.0,1,target_2,0.3333333333333335
597,0.65,0.45,0.0,S,male,Mr,0.0,1,target_2,0.3333333333333335
598,0.45,0.55,0.0,S,female,Mrs,0.0,1,target_2,1.1102230246251565e-16
599,0.35,0.45,0.0,S,female,Mrs,0.0,0,target_2,0.6666666666666667
600,0.85,0.15,0.0,S,male,Mr,0.0,0,target_3,1.1102230246251565e-16
601,0.15,0.65,2.0,S,male,Mr,1.0,0,target_3,2.220446049250313e-16
602,0.15,0.65,2.0,S,male,Mr,1.0,0,target_3,2.220446049250313e-16
603,0.75,0.65,2.0,S,female,Mrs,1.0,1,target_3,0.0
604,0.15,0.15,0.0,S,female,Mrs,0.0,1,target_3,2.220446049250313e-16
605,0.45,0.15,0.0,S,male,Mr,0.0,1,target_3,0.0
606,0.25,0.25,0.0,S,male,Mr,0.0,1,target_3,2.220446049250313e-16
607,0.15,0.15,0.0,C,female,Mrs,0.0,1,target_3,5.551115123125783e-16
608,0.65,0.15,0.0,S,male,Mr,0.0,0,target_3,0.19999999999999973
609,0.45,0.25,0.0,S,male,Mr,0.0,0,target_3,-2.220446049250313e-16
610,0.85,0.45,1.0,S,female,Mrs,0.0,0,target_3,0.0
611,0.05,0.45,1.0,S,male,Mr,0.0,1,target_3,2.220446049250313e-16
612,0.15,0.45,1.0,S,female,Mrs,0.0,1,target_3,0.0
613,0.45,0.65,0.0,C,male,Mr,0.0,1,target_3,0.0
614,0.45,0.25,0.0,S,male,Mr,0.0,0,target_3,-2.220446049250313e-16
615,0.25,0.25,0.0,S,male,Mr,0.0,0,target_3,0.0
616,0.35,0.15,0.0,S,male,Mr,0.0,0,target_3,0.0
617,0.45,0.15,0.0,S,male,Mr,0.0,0,target_3,-4.440892098500626e-16
618,0.75,0.25,0.0,S,male,Mr,0.0,0,target_3,2.220446049250313e-16
619,0.15,0.35,0.0,S,male,Mr,0.0,0,target_3,0.0
620,0.65,0.65,0.0,S,male,Mr,0.0,0,target_3,0.0
621,0.25,0.25,1.0,S,female,Mrs,0.0,1,target_3,4.440892098500626e-16
622,0.05,0.75,6.0,S,male,Mr,1.0,0,target_3,1.1102230246251565e-16
623,0.05,0.75,6.0,S,female,Mrs,1.0,0,target_3,2.220446049250313e-16
624,0.05,0.75,6.0,S,female,Mrs,1.0,0,target_3,2.220446049250313e-16
625,0.15,0.25,6.0,S,female,Mrs,1.0,1,target_3,0.0
626,0.85,0.15,6.0,S,female,Mrs,1.0,0,target_3,-2.220446049250313e-16
627,0.15,0.75,6.0,S,female,Mrs,1.0,0,target_3,0.0
628,0.15,0.75,6.0,S,female,Mrs,1.0,0,target_3,0.0
629,0.85,0.75,6.0,S,male,Mr,1.0,0,target_3,3.3306690738754696e-16
630,0.55,0.25,0.0,S,male,Mr,0.0,1,target_3,4.440892098500626e-16
631,0.45,0.15,0.0,S,male,Mr,0.0,0,target_3,-4.440892098500626e-16
632,0.85,0.75,6.0,S,female,Mrs,1.0,0,target_3,2.220446049250313e-16
633,0.25,0.25,0.0,S,male,Mr,0.0,0,target_3,0.0
634,0.45,0.25,0.0,S,male,Mr,0.0,0,target_3,-2.220446049250313e-16
635,0.45,0.65,1.0,S,male,Mr,0.0,0,target_3,2.220446049250313e-16
636,0.15,0.65,1.0,S,female,Mrs,0.0,0,target_3,1.1102230246251565e-16
637,0.35,0.15,0.0,S,male,Mr,0.0,0,target_3,0.0
638,0.75,0.15,0.0,S,male,Mr,0.0,0,target_3,3.3306690738754696e-16
639,0.05,0.75,6.0,S,male,Mr,1.0,0,target_3,1.1102230246251565e-16
640,0.15,0.75,6.0,S,male,Mr,1.0,0,target_3,1.1102230246251565e-16
641,0.05,0.75,6.0,S,male,Mr,1.0,1,target_3,4.440892098500626e-16
642,0.15,0.75,6.0,S,male,Mr,1.0,0,target_3,1.1102230246251565e-16
643,0.05,0.75,6.0,S,female,Mrs,1.0,1,target_3,6.661338147750939e-16
644,0.85,0.75,6.0,S,male,Mr,1.0,0,target_3,3.3306690738754696e-16
645,0.35,0.25,0.0,S,male,Mr,0.0,1,target_3,3.3306690738754696e-16
646,0.85,0.75,6.0,S,female,Mrs,1.0,1,target_3,2.220446049250313e-16
647,0.95,0.15,0.0,C,female,Mrs,0.0,1,target_3,2.220446049250313e-16
648,0.25,0.15,0.0,C,male,Mr,0.0,0,target_3,1.1102230246251565e-16
649,0.35,0.15,0.0,S,male,Mr,0.0,0,target_3,0.0
650,0.15,0.55,0.0,C,female,Mrs,0.0,0,target_3,1.1102230246251565e-16
651,0.65,0.15,0.0,C,male,Mr,0.0,0,target_3,2.220446049250313e-16
652,0.35,0.25,0.0,S,male,Mr,0.0,0,target_3,1.1102230246251565e-16
653,0.15,0.15,0.0,C,female,Mrs,0.0,1,target_3,5.551115123125783e-16
654,0.25,0.15,0.0,C,male,Mr,0.0,0,target_3,1.1102230246251565e-16
655,0.65,0.55,1.0,S,male,Mr,0.0,0,target_3,1.1102230246251565e-16
656,0.65,0.55,3.0,S,female,Mrs,1.0,1,target_3,1.1102230246251565e-16
657,0.05,0.65,3.0,C,female,Mrs,1.0,1,target_3,4.440892098500626e-16
658,0.05,0.65,3.0,C,female,Mrs,1.0,1,target_3,4.440892098500626e-16
659,0.05,0.65,3.0,C,female,Mrs,1.0,1,target_3,4.440892098500626e-16
660,0.35,0.65,3.0,C,female,Mrs,1.0,1,target_3,4.440892098500626e-16
661,0.15,0.25,0.0,S,female,Mrs,0.0,1,target_3,1.1102230246251565e-16
662,0.85,0.15,0.0,C,male,Mr,0.0,0,target_3,2.220446049250313e-16
663,0.45,0.25,0.0,S,male,Mr,0.0,0,target_3,-2.220446049250313e-16
664,0.25,0.15,0.0,C,male,Mr,0.0,1,target_3,0.0
665,0.15,0.55,1.0,C,female,Mrs,0.0,0,target_3,2.220446049250313e-16
666,0.95,0.55,1.0,C,female,Mrs,0.0,0,target_3,4.440892098500626e-16
667,0.55,0.25,0.0,Q,female,Mrs,0.0,0,target_3,1.1102230246251565e-16
668,0.35,0.25,0.0,S,male,Mr,0.0,0,target_3,1.1102230246251565e-16
669,0.25,0.25,0.0,S,male,Mr,0.0,0,target_3,0.0
670,0.45,0.15,0.0,S,male,Mr,0.0,0,target_3,-4.440892098500626e-16
671,0.35,0.45,0.0,S,male,Mr,0.0,0,target_3,0.6666666666666665
672,0.25,0.15,0.0,C,male,Mr,0.0,0,target_3,1.1102230246251565e-16
673,0.25,0.15,0.0,C,male,Mr,0.0,0,target_3,1.1102230246251565e-16
674,0.65,0.85,0.0,S,male,Mr,0.0,1,target_3,-2.220446049250313e-16
675,0.25,0.15,0.0,S,male,Mr,0.0,0,target_3,0.0
676,0.15,0.15,0.0,S,male,Mr,0.0,0,target_3,-2.220446049250313e-16
677,0.45,0.25,0.0,S,male,Mr,0.0,0,target_3,-2.220446049250313e-16
678,0.05,0.55,2.0,C,male,Mr,1.0,0,target_3,2.220446049250313e-16
679,0.15,0.55,2.0,C,female,Mrs,1.0,0,target_3,0.0
680,0.25,0.15,0.0,C,male,Mr,0.0,0,target_3,1.1102230246251565e-16
681,0.15,0.55,2.0,C,female,Mrs,1.0,0,target_3,0.0
682,0.75,0.15,2.0,Q,female,Mrs,1.0,0,target_3,0.0
683,0.85,0.55,2.0,Q,male,Mr,1.0,0,target_3,2.220446049250313e-16
684,0.65,0.55,2.0,Q,female,Mrs,1.0,0,target_3,1.1102230246251565e-16
685,0.25,0.65,0.0,S,male,Mr,0.0,0,target_3,1.1102230246251565e-16
686,0.35,0.15,0.0,Q,female,Mrs,0.0,1,target_3,0.0
687,0.25,0.25,0.0,S,female,Mrs,0.0,0,target_3,0.0
688,0.55,0.15,1.0,S,male,Mr,0.0,0,target_3,0.0
689,0.35,0.15,1.0,S,male,Mr,0.0,0,target_3,3.3306690738754696e-16
690,0.35,0.25,0.0,S,male,Mr,0.0,0,target_3,1.1102230246251565e-16
691,0.75,0.25,0.0,S,male,Mr,0.0,0,target_3,2.220446049250313e-16
692,0.25,0.15,0.0,Q,female,Mrs,0.0,0,target_3,0.0
693,0.25,0.25,0.0,Q,male,Mr,0.0,1,target_3,2.220446049250313e-16
694,0.25,0.15,0.0,Q,male,Mr,0.0,0,target_3,0.0
695,0.15,0.25,0.0,Q,female,Mrs,0.0,0,target_3,2.220446049250313e-16
696,0.25,0.35,0.0,S,female,Mrs,0.0,0,target_3,0.0
697,0.65,0.35,0.0,S,female,Mrs,0.0,0,target_3,0.0
698,0.15,0.35,0.0,S,male,Mr,0.0,0,target_3,0.0
699,0.85,0.35,0.0,S,male,Mr,0.0,0,target_3,2.220446049250313e-16
700,0.15,0.35,0.0,S,male,Mr,0.0,0,target_3,0.0
701,0.15,0.35,0.0,S,male,Mr,0.0,0,target_3,0.0
702,0.25,0.15,0.0,Q,female,Mrs,0.0,0,target_3,0.0
703,0.25,0.15,0.0,Q,male,Mr,0.0,0,target_3,0.0
704,0.25,0.25,0.0,S,male,Mr,0.0,0,target_3,0.0
705,0.25,0.55,1.0,C,male,Mr,0.0,0,target_3,1.1102230246251565e-16
706,0.25,0.55,1.0,C,female,Mrs,0.0,0,target_3,2.220446049250313e-16
707,0.55,0.25,0.0,S,male,Mr,0.0,0,target_3,2.220446049250313e-16
708,0.35,0.25,0.0,S,male,Mr,0.0,0,target_3,1.1102230246251565e-16
709,0.15,0.15,0.0,Q,female,Mrs,0.0,1,target_3,2.220446049250313e-16
710,0.75,0.15,0.0,Q,female,Mrs,0.0,0,target_3,0.0
711,0.55,0.15,0.0,S,male,Mr,0.0,0,target_3,0.0
712,0.35,0.25,0.0,S,male,Mr,0.0,0,target_3,1.1102230246251565e-16
713,0.25,0.15,0.0,Q,male,Mr,0.0,0,target_3,0.0
714,0.65,0.85,0.0,S,male,Mr,0.0,1,target_3,-2.220446049250313e-16
715,0.55,0.25,0.0,S,male,Mr,0.0,0,target_3,2.220446049250313e-16
716,0.45,0.55,1.0,C,male,Mr,0.0,0,target_3,0.0
717,0.15,0.55,1.0,C,male,Mr,0.0,0,target_3,2.220446049250313e-16
718,0.25,0.15,0.0,S,male,Mr,0.0,0,target_3,0.0
719,0.15,0.25,0.0,S,male,Mr,0.0,1,target_3,2.220446049250313e-16
720,0.35,0.15,0.0,Q,male,Mr,0.0,0,target_3,0.0
721,0.75,0.15,0.0,S,male,Mr,0.0,0,target_3,3.3306690738754696e-16
722,0.35,0.15,0.0,S,male,Mr,0.0,0,target_3,0.0
723,0.65,0.15,0.0,Q,male,Mr,0.0,0,target_3,0.0
724,0.65,0.15,0.0,Q,male,Mr,0.0,0,target_3,0.0
725,0.35,0.15,0.0,Q,female,Mrs,0.0,1,target_3,0.0
726,0.65,0.15,0.0,Q,female,Mrs,0.0,0,target_3,1.1102230246251565e-16
727,1.05,0.15,0.0,Q,male,Mr,0.0,0,target_3,0.0
728,0.85,0.25,0.0,S,male,Mr,0.0,0,target_3,2.220446049250313e-16
729,0.75,0.25,0.0,S,male,Mr,0.0,0,target_3,2.220446049250313e-16
730,0.55,0.25,0.0,S,male,Mr,0.0,0,target_3,2.220446049250313e-16
731,0.25,0.25,0.0,S,male,Mr,0.0,0,target_3,0.0
732,0.65,0.25,0.0,S,male,Mr,0.0,0,target_3,2.220446049250313e-16
733,0.15,0.55,2.0,S,male,Mr,1.0,1,target_3,2.220446049250313e-16
734,0.05,0.55,2.0,S,male,Mr,1.0,1,target_3,0.5000000000000002
735,0.75,0.55,2.0,S,female,Mrs,1.0,1,target_3,2.220446049250313e-16
736,0.95,0.15,0.0,S,male,Mr,0.0,0,target_3,4.440892098500626e-16
737,0.25,0.35,0.0,S,male,Mr,0.0,0,target_3,0.0
738,0.15,0.65,1.0,S,female,Mrs,0.0,1,target_3,0.6666666666666666
739,0.85,0.65,1.0,S,male,Mr,0.0,0,target_3,0.6666666666666665
740,0.15,0.35,0.0,S,male,Mr,0.0,0,target_3,0.0
741,0.35,0.15,0.0,C,male,Mr,0.0,0,target_3,4.440892098500626e-16
742,0.95,0.25,0.0,S,male,Mr,0.0,1,target_3,4.440892098500626e-16
743,0.35,0.45,0.0,S,female,Mrs,0.0,0,target_3,0.33333333333333326
744,0.25,0.45,0.0,S,male,Mr,0.0,0,target_3,0.6666666666666666
745,0.65,0.15,0.0,Q,female,Mrs,0.0,1,target_3,1.1102230246251565e-16
746,0.55,0.15,0.0,Q,male,Mr,0.0,1,target_3,1.1102230246251565e-16
747,0.05,0.55,2.0,S,male,Mr,1.0,0,target_3,1.1102230246251565e-16
748,0.75,0.55,2.0,S,male,Mr,1.0,0,target_3,4.440892098500626e-16
749,0.55,0.55,2.0,S,female,Mrs,1.0,0,target_3,2.220446049250313e-16
750,0.55,0.25,0.0,S,male,Mr,0.0,0,target_3,2.220446049250313e-16
751,0.45,0.25,0.0,S,male,Mr,0.0,0,target_3,-2.220446049250313e-16
752,0.35,0.65,2.0,S,male,Mr,1.0,0,target_3,0.0
753,0.35,0.25,0.0,S,male,Mr,0.0,0,target_3,1.1102230246251565e-16
754,0.25,0.65,2.0,S,male,Mr,1.0,0,target_3,2.220446049250313e-16
755,0.15,0.25,2.0,S,male,Mr,1.0,0,target_3,3.3306690738754696e-16
756,0.65,0.65,1.0,S,male,Mr,0.0,0,target_3,0.2500000000000002
757,0.65,0.65,1.0,S,female,Mrs,0.0,1,target_3,0.0
758,0.75,0.65,1.0,S,male,Mr,0.0,1,target_3,0.0
759,0.75,0.65,1.0,S,female,Mrs,0.0,1,target_3,0.5000000000000001
760,0.65,0.45,0.0,S,male,Mr,0.0,1,target_3,0.6666666666666665
761,0.15,0.45,0.0,S,male,Mr,0.0,0,target_3,0.8333333333333335
762,0.05,0.65,3.0,S,male,Mr,1.0,1,target_3,-2.220446049250313e-16
763,0.05,0.65,3.0,S,female,Mrs,1.0,1,target_3,1.1102230246251565e-16
764,0.45,0.65,3.0,S,male,Mr,1.0,0,target_3,2.220446049250313e-16
765,0.65,0.65,3.0,S,female,Mrs,1.0,1,target_3,0.4999999999999999
766,0.45,0.25,0.0,S,male,Mr,0.0,0,target_3,-2.220446049250313e-16
767,0.45,0.25,0.0,S,male,Mr,0.0,0,target_3,-2.220446049250313e-16
768,0.45,0.25,0.0,S,male,Mr,0.0,0,target_3,-2.220446049250313e-16
769,0.35,0.15,0.0,S,male,Mr,0.0,0,target_3,0.0
770,0.75,0.15,0.0,S,male,Mr,0.0,0,target_3,3.3306690738754696e-16
771,0.25,0.25,0.0,Q,female,Mrs,0.0,1,target_3,4.440892098500626e-16
772,0.15,0.25,0.0,S,male,Mr,0.0,0,target_3,0.0
773,0.85,0.35,0.0,S,male,Mr,0.0,0,target_3,2.220446049250313e-16
774,0.85,0.25,0.0,S,male,Mr,0.0,0,target_3,2.220446049250313e-16
775,0.25,0.15,0.0,C,male,Mr,0.0,0,target_3,1.1102230246251565e-16
776,0.65,0.15,0.0,Q,male,Mr,0.0,0,target_3,0.0
777,0.25,0.25,0.0,S,male,Mr,0.0,1,target_3,2.220446049250313e-16
778,0.65,0.45,0.0,S,female,Mrs,0.0,1,target_3,0.7499999999999999
779,0.35,0.15,0.0,Q,female,Mrs,0.0,0,target_3,1.1102230246251565e-16
780,0.35,0.25,0.0,S,female,Mrs,0.0,1,target_3,0.0
781,0.65,0.25,0.0,C,male,Mr,0.0,0,target_3,3.3306690738754696e-16
782,0.95,0.15,0.0,Q,male,Mr,0.0,0,target_3,6.661338147750939e-16
783,0.35,0.15,0.0,S,male,Mr,0.0,1,target_3,4.440892098500626e-16
784,0.35,0.55,1.0,S,male,Mr,0.0,0,target_3,0.0
785,0.35,0.55,1.0,S,female,Mrs,0.0,1,target_3,1.1102230246251565e-16
786,0.15,0.15,0.0,S,male,Mr,0.0,0,target_3,-2.220446049250313e-16
787,0.15,0.15,0.0,S,male,Mr,0.0,0,target_3,-2.220446049250313e-16
788,0.95,0.15,0.0,S,male,Mr,0.0,0,target_3,4.440892098500626e-16
789,0.25,0.15,0.0,C,male,Mr,0.0,0,target_3,1.1102230246251565e-16
790,0.85,0.15,2.0,C,male,Mr,1.0,0,target_3,4.440892098500626e-16
791,0.15,0.15,2.0,C,male,Mr,1.0,0,target_3,0.0
792,0.15,0.15,2.0,C,male,Mr,1.0,0,target_3,0.0
793,0.95,0.15,0.0,S,male,Mr,0.0,0,target_3,4.440892098500626e-16
794,0.05,0.45,0.0,S,female,Mrs,0.0,1,target_3,2.220446049250313e-16
795,0.25,0.15,0.0,C,male,Mr,0.0,0,target_3,1.1102230246251565e-16
796,0.85,0.55,0.0,S,male,Mr,0.0,0,target_3,0.0
797,0.85,0.15,0.0,Q,male,Mr,0.0,0,target_3,2.220446049250313e-16
798,0.45,0.15,0.0,S,male,Mr,0.0,1,target_3,0.0
799,0.15,0.25,0.0,S,male,Mr,0.0,0,target_3,0.0
800,0.75,0.15,0.0,Q,female,Mrs,0.0,0,target_3,0.0
801,0.75,0.15,0.0,Q,male,Mr,0.0,0,target_3,-2.220446049250313e-16
802,0.75,0.15,0.0,Q,male,Mr,0.0,0,target_3,-2.220446049250313e-16
803,0.45,0.25,0.0,Q,male,Mr,0.0,0,target_3,0.0
804,0.75,0.15,0.0,Q,male,Mr,0.0,0,target_3,-2.220446049250313e-16
805,0.55,0.85,0.0,S,male,Mr,0.0,1,target_3,0.4
806,0.25,0.85,4.0,S,female,Mrs,1.0,0,target_3,2.220446049250313e-16
807,0.15,0.85,4.0,S,female,Mrs,1.0,0,target_3,0.0
808,0.45,0.25,0.0,S,male,Mr,0.0,0,target_3,-2.220446049250313e-16
809,0.15,0.85,4.0,S,male,Mr,1.0,0,target_3,2.220446049250313e-16
810,0.15,0.85,4.0,S,male,Mr,1.0,0,target_3,2.220446049250313e-16
811,0.95,0.85,4.0,S,female,Mrs,1.0,0,target_3,0.0
812,0.75,0.15,0.0,Q,male,Mr,0.0,0,target_3,-2.220446049250313e-16
813,0.55,0.15,0.0,S,male,Mr,0.0,0,target_3,0.0
814,0.45,0.15,0.0,Q,male,Mr,0.0,0,target_3,0.0
815,0.65,0.55,0.0,S,male,Mr,0.0,0,target_3,0.33333333333333337
816,0.45,0.25,0.0,C,male,Mr,0.0,0,target_3,3.3306690738754696e-16
817,0.35,0.25,0.0,S,male,Mr,0.0,0,target_3,1.1102230246251565e-16
818,0.15,0.15,0.0,Q,female,Mrs,0.0,1,target_3,2.220446049250313e-16
819,0.75,0.15,0.0,Q,female,Mrs,0.0,1,target_3,0.0
820,0.15,0.65,2.0,S,male,Mr,1.0,1,target_3,0.0
821,0.65,0.65,2.0,S,male,Mr,1.0,0,target_3,2.220446049250313e-16
822,0.85,0.25,0.0,S,male,Mr,0.0,0,target_3,2.220446049250313e-16
823,0.65,0.65,2.0,S,female,Mrs,1.0,1,target_3,3.3306690738754696e-16
824,0.85,0.15,0.0,S,male,Mr,0.0,0,target_3,1.1102230246251565e-16
825,0.15,0.85,7.0,S,male,Mr,1.0,0,target_3,4.440892098500626e-16
826,0.05,0.85,7.0,S,male,Mr,1.0,0,target_3,3.3306690738754696e-16
827,0.15,0.85,7.0,S,male,Mr,1.0,0,target_3,4.440892098500626e-16
828,0.15,0.85,7.0,S,female,Mrs,1.0,0,target_3,0.0
829,0.15,0.85,7.0,S,female,Mrs,1.0,0,target_3,0.0
830,0.15,0.85,7.0,S,male,Mr,1.0,0,target_3,4.440892098500626e-16
831,0.85,0.85,7.0,S,male,Mr,1.0,0,target_3,3.3306690738754696e-16
832,0.85,0.85,7.0,S,female,Mrs,1.0,0,target_3,2.220446049250313e-16
833,0.95,0.25,0.0,S,male,Mr,0.0,0,target_3,3.3306690738754696e-16
834,0.65,0.35,0.0,S,male,Mr,0.0,0,target_3,2.220446049250313e-16
835,0.45,0.25,0.0,S,male,Mr,0.0,0,target_3,-2.220446049250313e-16
836,0.25,0.45,0.0,S,male,Mr,0.0,0,target_3,0.6666666666666666
837,0.75,0.25,2.0,S,male,Mr,1.0,0,target_3,4.440892098500626e-16
838,0.55,0.25,2.0,S,male,Mr,1.0,0,target_3,2.220446049250313e-16
839,0.25,0.15,0.0,S,male,Mr,0.0,0,target_3,0.0
840,0.35,0.35,0.0,S,female,Mrs,0.0,0,target_3,1.1102230246251565e-16
841,0.15,0.15,0.0,Q,female,Mrs,0.0,0,target_3,2.220446049250313e-16
842,0.15,0.65,1.0,S,male,Mr,0.0,0,target_3,2.220446049250313e-16
843,0.15,0.65,1.0,S,male,Mr,0.0,0,target_3,2.220446049250313e-16
844,0.55,0.55,1.0,S,male,Mr,0.0,0,target_3,0.0
845,0.35,0.55,1.0,S,female,Mrs,0.0,1,target_3,1.1102230246251565e-16
846,0.25,0.45,0.0,S,male,Mr,0.0,0,target_3,0.6666666666666666
847,0.35,0.15,0.0,C,male,Mr,0.0,0,target_3,4.440892098500626e-16
848,0.85,0.55,2.0,S,male,Mr,1.0,0,target_3,4.440892098500626e-16
849,0.45,0.25,1.0,S,male,Mr,0.0,0,target_3,0.0
850,0.25,0.25,0.0,S,male,Mr,0.0,0,target_3,0.0
851,0.95,0.55,1.0,S,female,Mrs,0.0,1,target_3,1.1102230246251565e-16
852,0.55,0.15,0.0,S,female,Mrs,0.0,0,target_3,-2.220446049250313e-16
853,0.45,0.15,0.0,S,male,Mr,0.0,0,target_3,-4.440892098500626e-16
854,0.55,0.15,0.0,Q,male,Mr,0.0,0,target_3,-2.220446049250313e-16
855,0.15,0.65,0.0,C,male,Mr,0.0,0,target_3,1.1102230246251565e-16
856,0.75,0.15,0.0,Q,female,Mrs,0.0,1,target_3,0.0
857,0.55,0.15,0.0,S,male,Mr,0.0,1,target_3,4.440892098500626e-16
858,0.55,0.85,0.0,S,male,Mr,0.0,1,target_3,0.4
859,0.15,0.15,0.0,Q,female,Mrs,0.0,0,target_3,2.220446049250313e-16
860,0.45,0.25,0.0,S,female,Mrs,0.0,1,target_3,0.0
861,0.35,0.25,0.0,S,female,Mrs,0.0,0,target_3,1.1102230246251565e-16
862,0.35,0.35,0.0,S,female,Mrs,0.0,1,target_3,0.0
863,0.55,0.25,0.0,S,male,Mr,0.0,0,target_3,2.220446049250313e-16
864,0.55,0.15,0.0,S,female,Mrs,0.0,0,target_3,-2.220446049250313e-16
865,0.75,0.15,0.0,Q,female,Mrs,0.0,0,target_3,0.0
866,0.05,0.45,1.0,S,female,Mrs,0.0,1,target_3,0.0
867,0.35,0.45,2.0,S,female,Mrs,1.0,1,target_3,0.0
868,0.85,0.15,0.0,S,male,Mr,0.0,0,target_3,1.1102230246251565e-16
869,0.55,0.65,0.0,S,male,Mr,0.0,0,target_3,1.1102230246251565e-16
870,0.55,0.25,0.0,S,female,Mrs,0.0,1,target_3,0.0
871,0.75,0.15,0.0,Q,male,Mr,0.0,0,target_3,-2.220446049250313e-16
872,0.45,0.25,0.0,S,female,Mrs,0.0,1,target_3,0.0
873,0.85,0.15,0.0,S,male,Mr,0.0,0,target_3,1.1102230246251565e-16
874,0.65,0.25,0.0,S,male,Mr,0.0,1,target_3,3.3306690738754696e-16
875,0.65,0.15,0.0,C,male,Mr,0.0,0,target_3,2.220446049250313e-16
876,0.45,0.25,0.0,S,male,Mr,0.0,0,target_3,-2.220446049250313e-16
877,0.55,0.25,1.0,S,female,Mrs,0.0,0,target_3,0.0
878,0.45,0.25,1.0,S,female,Mrs,0.0,0,target_3,1.1102230246251565e-16
879,0.45,0.25,0.0,S,male,Mr,0.0,0,target_3,-2.220446049250313e-16
880,0.55,0.25,0.0,C,male,Mr,0.0,1,target_3,2.220446049250313e-16
881,0.25,0.25,0.0,S,male,Mr,0.0,1,target_3,2.220446049250313e-16
882,0.45,0.15,0.0,S,male,Mr,0.0,0,target_3,-4.440892098500626e-16
883,0.25,0.25,0.0,S,male,Mr,0.0,0,target_3,0.0
884,0.95,0.25,0.0,S,male,Mr,0.0,0,target_3,3.3306690738754696e-16
885,0.15,0.15,1.0,S,male,Mr,0.0,0,target_3,1.1102230246251565e-16
886,0.75,0.15,0.0,Q,female,Mrs,0.0,1,target_3,0.0
887,0.45,0.35,0.0,S,male,Mr,0.0,1,target_3,0.0
888,0.75,0.15,0.0,S,male,Mr,0.0,0,target_3,3.3306690738754696e-16
889,0.45,0.15,0.0,S,male,Mr,0.0,1,target_3,0.0
890,0.35,0.25,0.0,S,male,Mr,0.0,0,target_3,1.1102230246251565e-16
891,0.65,0.35,0.0,S,male,Mr,0.0,0,target_3,2.220446049250313e-16
892,0.65,0.15,0.0,S,male,Mr,0.0,0,target_3,0.19999999999999973
893,0.55,0.25,0.0,S,male,Mr,0.0,0,target_3,2.220446049250313e-16
894,0.05,0.45,2.0,S,male,Mr,1.0,1,target_3,0.0
895,0.05,0.45,2.0,S,female,Mrs,1.0,1,target_3,2.220446049250313e-16
896,0.95,0.05,0.0,S,male,Mr,0.0,0,target_3,0.0
897,0.65,0.15,0.0,S,male,Mr,0.0,0,target_3,0.19999999999999973
898,0.25,0.05,0.0,S,male,Mr,0.0,0,target_3,3.3306690738754696e-16
899,0.55,0.45,2.0,S,female,Mrs,1.0,1,target_3,0.0
900,0.15,0.65,3.0,S,male,Mr,1.0,0,target_3,2.220446049250313e-16
901,0.15,0.65,3.0,S,female,Mrs,1.0,0,target_3,4.440892098500626e-16
902,0.15,0.65,3.0,S,male,Mr,1.0,0,target_3,2.220446049250313e-16
903,0.15,0.65,3.0,S,female,Mrs,1.0,0,target_3,4.440892098500626e-16
904,0.35,0.25,0.0,S,male,Mr,0.0,0,target_3,1.1102230246251565e-16
905,0.65,0.25,0.0,S,male,Mr,0.0,1,target_3,3.3306690738754696e-16
906,0.55,0.25,0.0,S,male,Mr,0.0,0,target_3,2.220446049250313e-16
907,0.25,0.45,1.0,S,female,Mrs,0.0,0,target_3,2.220446049250313e-16
908,0.25,0.45,1.0,S,female,Mrs,0.0,0,target_3,2.220446049250313e-16
909,0.65,0.25,0.0,S,male,Mr,0.0,1,target_3,3.3306690738754696e-16
910,0.15,0.15,0.0,S,male,Mr,0.0,0,target_3,-2.220446049250313e-16
911,0.25,0.35,0.0,S,male,Mr,0.0,0,target_3,0.0
912,0.65,0.25,0.0,S,male,Mr,0.0,0,target_3,2.220446049250313e-16
913,0.25,0.25,0.0,S,male,Mr,0.0,1,target_3,2.220446049250313e-16
914,0.65,0.25,0.0,S,male,Mr,0.0,0,target_3,2.220446049250313e-16
915,0.35,0.15,0.0,S,male,Mr,0.0,0,target_3,0.0
916,0.05,0.55,1.0,C,female,Mrs,0.0,1,target_3,0.0
917,0.85,0.55,1.0,C,male,Mr,0.0,1,target_3,3.3306690738754696e-16
918,0.25,0.15,0.0,C,male,Mr,0.0,0,target_3,1.1102230246251565e-16
919,0.25,0.15,0.0,C,male,Mr,0.0,0,target_3,1.1102230246251565e-16
920,0.75,0.15,0.0,Q,male,Mr,0.0,0,target_3,-2.220446049250313e-16
921,0.55,0.15,0.0,S,male,Mr,0.0,0,target_3,0.0
922,0.75,0.15,0.0,Q,female,Mrs,0.0,1,target_3,0.0
923,0.75,0.15,0.0,Q,female,Mrs,0.0,1,target_3,0.0
924,0.75,0.25,0.0,Q,male,Mr,0.0,0,target_3,0.0
925,0.85,0.25,0.0,S,male,Mr,0.0,0,target_3,2.220446049250313e-16
926,0.75,0.15,0.0,Q,male,Mr,0.0,1,target_3,1.1102230246251565e-16
927,0.25,0.55,1.0,C,male,Mr,0.0,0,target_3,1.1102230246251565e-16
928,0.25,0.55,1.0,C,female,Mrs,0.0,0,target_3,2.220446049250313e-16
929,0.75,0.15,1.0,Q,male,Mr,0.0,0,target_3,0.0
930,0.75,0.15,1.0,Q,male,Mr,0.0,0,target_3,0.0
931,0.35,0.15,0.0,Q,male,Mr,0.0,0,target_3,0.0
932,0.35,0.35,2.0,S,female,Mrs,1.0,0,target_3,2.220446049250313e-16
933,0.45,0.35,2.0,S,male,Mr,1.0,0,target_3,2.220446049250313e-16
934,0.05,0.65,2.0,S,female,Mrs,1.0,1,target_3,0.25
935,0.55,0.65,4.0,S,male,Mr,1.0,1,target_3,2.220446049250313e-16
936,0.45,0.65,2.0,S,female,Mrs,1.0,1,target_3,0.0
937,0.05,0.45,2.0,S,female,Mrs,1.0,0,target_3,1.1102230246251565e-16
938,0.15,0.25,2.0,S,male,Mr,1.0,0,target_3,3.3306690738754696e-16
939,0.75,0.45,2.0,S,female,Mrs,1.0,0,target_3,1.1102230246251565e-16
940,0.45,0.25,0.0,C,male,Mr,0.0,0,target_3,3.3306690738754696e-16
941,0.45,0.15,0.0,C,male,Mr,0.0,1,target_3,4.440892098500626e-16
942,0.25,0.15,0.0,C,male,Mr,0.0,0,target_3,1.1102230246251565e-16
943,0.75,0.45,0.0,S,female,Mrs,0.0,0,target_3,-2.220446049250313e-16
944,0.45,0.25,0.0,S,male,Mr,0.0,0,target_3,-2.220446049250313e-16
945,0.55,0.85,0.0,S,male,Mr,0.0,1,target_3,0.4
946,0.55,0.85,0.0,S,male,Mr,0.0,0,target_3,0.4999999999999999
947,0.35,0.15,0.0,S,female,Mrs,0.0,1,target_3,0.0
948,0.75,0.15,0.0,Q,male,Mr,0.0,0,target_3,-2.220446049250313e-16
949,0.45,0.85,0.0,S,male,Mr,0.0,1,target_3,2.220446049250313e-16
950,0.55,0.45,0.0,S,male,Mr,0.0,0,target_3,0.5555555555555556
951,0.55,0.15,0.0,S,male,Mr,0.0,0,target_3,0.0
952,0.35,0.15,0.0,S,male,Mr,0.0,0,target_3,0.0
953,0.35,0.15,0.0,C,male,Mr,0.0,1,target_3,1.1102230246251565e-16
954,0.95,0.75,4.0,S,male,Mr,1.0,0,target_3,1.1102230246251565e-16
955,0.95,0.75,4.0,S,female,Mrs,1.0,0,target_3,0.0
956,0.95,0.75,4.0,S,female,Mrs,1.0,0,target_3,0.0
957,0.95,0.75,4.0,S,female,Mrs,1.0,0,target_3,0.0
958,0.95,0.75,4.0,S,female,Mrs,1.0,0,target_3,0.0
959,0.65,0.25,0.0,S,male,Mr,0.0,0,target_3,2.220446049250313e-16
960,0.75,0.15,0.0,C,male,Mr,0.0,0,target_3,1.1102230246251565e-16
961,0.65,0.55,1.0,Q,female,Mrs,0.0,0,target_3,2.220446049250313e-16
962,0.65,0.55,1.0,Q,male,Mr,0.0,0,target_3,1.1102230246251565e-16
963,0.75,0.05,0.0,S,male,Mr,0.0,0,target_3,0.9000000000000001
964,0.85,0.65,0.0,S,male,Mr,0.0,0,target_3,0.5
965,0.35,0.45,0.0,S,male,Mr,0.0,0,target_3,0.6666666666666665
966,0.45,0.15,0.0,S,female,Mrs,0.0,0,target_3,0.0
967,0.95,0.15,0.0,S,female,Mrs,0.0,0,target_3,0.0
968,0.75,0.55,1.0,S,male,Mr,0.0,0,target_3,0.0
969,0.65,0.55,1.0,S,female,Mrs,0.0,0,target_3,2.220446049250313e-16
970,0.25,0.25,1.0,S,male,Mr,0.0,1,target_3,4.440892098500626e-16
971,0.35,0.25,0.0,Q,male,Mr,0.0,0,target_3,0.0
972,0.55,0.85,0.0,S,male,Mr,0.0,0,target_3,0.4999999999999999
973,0.55,0.15,0.0,S,male,Mr,0.0,0,target_3,0.0
974,0.65,0.65,1.0,S,male,Mr,0.0,0,target_3,0.2500000000000002
975,0.45,0.65,1.0,S,female,Mrs,0.0,0,target_3,2.220446049250313e-16
976,0.35,0.25,0.0,S,male,Mr,0.0,0,target_3,1.1102230246251565e-16
977,0.25,0.15,0.0,S,male,Mr,0.0,0,target_3,0.0
978,0.55,0.35,0.0,S,male,Mr,0.0,1,target_3,4.440892098500626e-16
979,0.95,0.15,0.0,S,male,Mr,0.0,0,target_3,4.440892098500626e-16
980,0.35,0.25,0.0,S,female,Mrs,0.0,1,target_3,0.0
981,0.65,0.15,0.0,S,male,Mr,0.0,1,target_3,1.1102230246251565e-16
982,0.45,0.25,0.0,S,male,Mr,0.0,0,target_3,-2.220446049250313e-16
983,0.55,0.15,0.0,S,male,Mr,0.0,0,target_3,0.0
984,0.75,0.15,0.0,Q,female,Mrs,0.0,1,target_3,0.0
985,0.35,0.15,0.0,S,male,Mr,0.0,1,target_3,4.440892098500626e-16
986,0.35,0.15,0.0,S,male,Mr,0.0,0,target_3,0.0
987,0.35,0.25,0.0,Q,female,Mrs,0.0,0,target_3,2.220446049250313e-16
988,0.75,0.15,0.0,Q,male,Mr,0.0,0,target_3,-2.220446049250313e-16
989,0.45,0.25,0.0,S,male,Mr,0.0,0,target_3,-2.220446049250313e-16
990,0.55,0.25,0.0,S,male,Mr,0.0,0,target_3,2.220446049250313e-16
991,0.25,0.15,0.0,C,male,Mr,0.0,1,target_3,0.0
992,0.65,0.15,0.0,Q,female,Mrs,0.0,0,target_3,1.1102230246251565e-16
993,0.35,0.15,0.0,Q,female,Mrs,0.0,1,target_3,0.0
994,0.25,0.15,0.0,C,male,Mr,0.0,0,target_3,1.1102230246251565e-16
995,0.75,0.25,0.0,C,male,Mr,0.0,0,target_3,0.0
996,0.65,0.25,0.0,S,male,Mr,0.0,0,target_3,2.220446049250313e-16
997,0.25,0.15,0.0,C,female,Mrs,0.0,1,target_3,3.3306690738754696e-16
998,0.45,0.25,0.0,C,male,Mr,0.0,0,target_3,3.3306690738754696e-16
999,0.75,0.15,0.0,Q,female,Mrs,0.0,1,target_3,0.0
1000,0.75,0.15,0.0,Q,male,Mr,0.0,1,target_3,1.1102230246251565e-16
1001,0.25,0.65,2.0,Q,female,Mrs,1.0,1,target_3,2.220446049250313e-16
1002,0.25,0.65,2.0,Q,female,Mrs,1.0,1,target_3,2.220446049250313e-16
1003,0.25,0.65,2.0,Q,male,Mr,1.0,1,target_3,2.220446049250313e-16
1004,0.25,0.15,0.0,Q,female,Mrs,0.0,1,target_3,3.3306690738754696e-16
1005,0.65,0.55,0.0,Q,male,Mr,0.0,0,target_3,2.220446049250313e-16
1006,0.35,0.25,0.0,Q,female,Mrs,0.0,1,target_3,2.220446049250313e-16
1007,0.15,0.25,0.0,Q,female,Mrs,0.0,1,target_3,3.3306690738754696e-16
1008,0.75,0.15,0.0,Q,female,Mrs,0.0,0,target_3,0.0
1009,0.75,0.15,0.0,Q,male,Mr,0.0,0,target_3,-2.220446049250313e-16
1010,0.35,0.65,1.0,S,male,Mr,0.0,0,target_3,0.0
1011,0.25,0.65,1.0,S,female,Mrs,0.0,0,target_3,2.220446049250313e-16
1012,0.75,0.15,0.0,Q,female,Mrs,0.0,0,target_3,0.0
1013,0.45,0.25,0.0,S,female,Mrs,0.0,0,target_3,0.0
1014,0.45,0.25,0.0,S,female,Mrs,0.0,0,target_3,0.0
1015,0.95,0.25,0.0,S,male,Mr,0.0,0,target_3,3.3306690738754696e-16
1016,0.75,0.15,0.0,Q,male,Mr,0.0,0,target_3,-2.220446049250313e-16
1017,0.25,0.15,0.0,S,male,Mr,0.0,1,target_3,2.220446049250313e-16
1018,0.45,0.25,0.0,S,male,Mr,0.0,0,target_3,-2.220446049250313e-16
1019,0.35,0.25,0.0,S,male,Mr,0.0,0,target_3,1.1102230246251565e-16
1020,0.25,0.25,0.0,S,male,Mr,0.0,0,target_3,0.0
1021,0.55,0.25,0.0,S,male,Mr,0.0,0,target_3,2.220446049250313e-16
1022,0.45,0.25,0.0,S,male,Mr,0.0,0,target_3,-2.220446049250313e-16
1023,0.35,0.25,0.0,Q,female,Mrs,0.0,1,target_3,2.220446049250313e-16
1024,0.45,0.15,0.0,S,male,Mr,0.0,0,target_3,-4.440892098500626e-16
1025,0.05,0.45,1.0,S,male,Mr,0.0,1,target_3,2.220446049250313e-16
1026,0.55,0.45,1.0,S,female,Mrs,0.0,1,target_3,0.0
1027,0.45,0.25,0.0,S,male,Mr,0.0,0,target_3,-2.220446049250313e-16
1028,0.65,0.65,1.0,Q,female,Mrs,0.0,1,target_3,3.3306690738754696e-16
1029,0.65,0.65,1.0,Q,male,Mr,0.0,0,target_3,1.1102230246251565e-16
1030,0.35,0.35,0.0,Q,male,Mr,0.0,0,target_3,0.0
1031,0.75,0.25,0.0,S,male,Mr,0.0,0,target_3,2.220446049250313e-16
1032,0.75,0.15,0.0,Q,male,Mr,0.0,0,target_3,-2.220446049250313e-16
1033,0.55,0.15,0.0,S,male,Mr,0.0,1,target_3,4.440892098500626e-16
1034,0.15,0.55,2.0,C,male,Mr,1.0,1,target_3,2.220446049250313e-16
1035,0.15,0.55,2.0,C,male,Mr,1.0,1,target_3,2.220446049250313e-16
1036,0.15,0.55,2.0,C,female,Mrs,1.0,1,target_3,2.220446049250313e-16
1037,0.25,0.15,0.0,C,female,Mrs,0.0,1,target_3,3.3306690738754696e-16
1038,0.45,0.25,0.0,S,male,Mr,0.0,0,target_3,-2.220446049250313e-16
1039,0.25,0.15,0.0,Q,female,Mrs,0.0,1,target_3,3.3306690738754696e-16
1040,0.35,0.15,0.0,Q,female,Mrs,0.0,1,target_3,0.0
1041,0.45,0.25,0.0,S,male,Mr,0.0,0,target_3,-2.220446049250313e-16
1042,0.65,0.55,1.0,Q,female,Mrs,0.0,1,target_3,2.220446049250313e-16
1043,0.65,0.55,1.0,Q,female,Mrs,0.0,1,target_3,2.220446049250313e-16
1044,0.65,0.55,0.0,Q,female,Mrs,0.0,1,target_3,2.220446049250313e-16
1045,0.15,0.15,0.0,S,male,Mr,0.0,0,target_3,-2.220446049250313e-16
1046,0.35,0.25,0.0,S,male,Mr,0.0,0,target_3,1.1102230246251565e-16
1047,0.15,0.15,0.0,C,female,Mrs,0.0,1,target_3,5.551115123125783e-16
1048,0.05,0.55,2.0,C,female,Mrs,1.0,1,target_3,2.220446049250313e-16
1049,0.25,0.55,2.0,C,male,Mr,1.0,1,target_3,2.220446049250313e-16
1050,0.25,0.55,2.0,C,female,Mrs,1.0,1,target_3,2.220446049250313e-16
1051,0.65,0.25,0.0,S,male,Mr,0.0,0,target_3,2.220446049250313e-16
1052,0.45,0.25,0.0,S,male,Mr,0.0,0,target_3,-2.220446049250313e-16
1053,0.25,0.15,0.0,C,male,Mr,0.0,0,target_3,1.1102230246251565e-16
1054,0.75,0.15,0.0,Q,female,Mrs,0.0,0,target_3,0.0
1055,0.45,0.25,0.0,S,male,Mr,0.0,0,target_3,-2.220446049250313e-16
1056,0.15,0.45,1.0,C,male,Mr,0.0,1,target_3,2.220446049250313e-16
1057,0.15,0.45,1.0,C,female,Mrs,0.0,1,target_3,0.0
1058,0.55,0.25,0.0,S,female,Mrs,0.0,0,target_3,0.0
1059,0.55,0.25,0.0,S,male,Mr,0.0,0,target_3,2.220446049250313e-16
1060,0.15,0.15,0.0,S,female,Mrs,0.0,1,target_3,2.220446049250313e-16
1061,0.45,0.25,0.0,S,female,Mrs,0.0,1,target_3,0.0
1062,0.25,0.25,0.0,S,male,Mr,0.0,0,target_3,0.0
1063,0.85,0.15,0.0,S,male,Mr,0.0,0,target_3,1.1102230246251565e-16
1064,0.85,0.25,0.0,S,male,Mr,0.0,1,target_3,4.440892098500626e-16
1065,0.25,0.25,0.0,S,male,Mr,0.0,0,target_3,0.0
1066,0.55,0.15,0.0,C,male,Mr,0.0,0,target_3,2.220446049250313e-16
1067,0.35,0.15,0.0,S,female,Mrs,0.0,1,target_3,0.0
1068,0.95,0.15,0.0,S,male,Mr,0.0,0,target_3,4.440892098500626e-16
1069,0.65,0.55,1.0,Q,male,Mr,0.0,0,target_3,1.1102230246251565e-16
1070,0.75,0.25,0.0,Q,male,Mr,0.0,0,target_3,0.0
1071,0.65,0.55,1.0,Q,female,Mrs,0.0,1,target_3,2.220446049250313e-16
1072,0.25,0.15,0.0,Q,male,Mr,0.0,0,target_3,0.0
1073,0.75,0.15,0.0,Q,male,Mr,0.0,0,target_3,-2.220446049250313e-16
1074,0.75,0.15,0.0,Q,male,Mr,0.0,0,target_3,-2.220446049250313e-16
1075,0.35,0.35,0.0,S,male,Mr,0.0,0,target_3,1.1102230246251565e-16
1076,0.75,0.15,0.0,Q,female,rare,0.0,0,target_3,2.220446049250313e-16
1077,0.75,0.15,0.0,Q,female,Mrs,0.0,1,target_3,0.0
1078,0.35,0.25,0.0,Q,female,Mrs,0.0,1,target_3,2.220446049250313e-16
1079,0.35,0.15,0.0,S,female,Mrs,0.0,1,target_3,0.0
1080,0.75,0.15,0.0,Q,male,Mr,0.0,1,target_3,1.1102230246251565e-16
1081,0.75,0.25,0.0,Q,female,Mrs,0.0,1,target_3,0.0
1082,0.15,0.05,1.0,S,male,Mr,0.0,1,target_3,2.220446049250313e-16
1083,0.55,0.65,0.0,S,male,Mr,0.0,0,target_3,1.1102230246251565e-16
1084,0.85,0.35,1.0,S,male,Mr,0.0,0,target_3,3.3306690738754696e-16
1085,0.25,0.15,0.0,S,male,Mr,0.0,0,target_3,0.0
1086,0.65,0.25,0.0,S,female,Mrs,0.0,0,target_3,0.0
1087,0.55,0.25,0.0,S,male,Mr,0.0,0,target_3,2.220446049250313e-16
1088,0.65,0.15,0.0,S,male,Mr,0.0,1,target_3,1.1102230246251565e-16
1089,0.25,0.35,0.0,S,male,Mr,0.0,0,target_3,0.0
1090,0.35,0.35,0.0,S,female,Mrs,0.0,0,target_3,1.1102230246251565e-16
1091,0.25,0.35,0.0,S,female,Mrs,0.0,0,target_3,0.0
1092,0.25,0.35,0.0,S,male,Mr,0.0,0,target_3,0.0
1093,0.15,0.35,0.0,S,male,Mr,0.0,0,target_3,0.0
1094,0.65,0.35,0.0,S,female,Mrs,0.0,1,target_3,0.0
1095,0.35,0.15,0.0,Q,female,Mrs,0.0,0,target_3,1.1102230246251565e-16
1096,0.05,0.65,4.0,S,male,Mr,1.0,0,target_3,2.220446049250313e-16
1097,0.05,0.65,4.0,S,male,Mr,1.0,0,target_3,2.220446049250313e-16
1098,0.05,0.65,4.0,S,female,Mrs,1.0,0,target_3,0.0
1099,0.15,0.65,4.0,S,female,Mrs,1.0,0,target_3,1.1102230246251565e-16
1100,0.55,0.65,4.0,S,female,Mrs,1.0,0,target_3,1.1102230246251565e-16
1101,0.05,0.85,5.0,S,male,Mr,1.0,0,target_3,2.220446049250313e-16
1102,0.05,0.85,5.0,S,male,Mr,1.0,0,target_3,2.220446049250313e-16
1103,0.05,0.85,5.0,S,male,Mr,1.0,0,target_3,2.220446049250313e-16
1104,0.15,0.85,5.0,S,male,Mr,1.0,0,target_3,2.220446049250313e-16
1105,0.15,0.85,5.0,S,male,Mr,1.0,0,target_3,2.220446049250313e-16
1106,0.85,0.85,5.0,S,female,Mrs,1.0,0,target_3,3.3306690738754696e-16
1107,0.25,0.35,0.0,S,male,Mr,0.0,0,target_3,0.0
1108,0.25,0.55,0.0,S,male,Mr,0.0,0,target_3,0.0
1109,0.35,0.35,0.0,C,male,Mr,0.0,0,target_3,4.440892098500626e-16
1110,0.65,0.25,0.0,S,male,Mr,0.0,0,target_3,2.220446049250313e-16
1111,0.05,0.55,2.0,S,male,Mr,1.0,0,target_3,1.1102230246251565e-16
1112,0.05,0.55,2.0,S,female,Mrs,1.0,0,target_3,2.220446049250313e-16
1113,0.45,0.55,2.0,S,female,Mrs,1.0,0,target_3,2.220446049250313e-16
1114,0.75,0.15,0.0,S,male,Mr,0.0,0,target_3,3.3306690738754696e-16
1115,0.55,0.15,0.0,S,male,Mr,0.0,0,target_3,0.0
1116,0.45,0.25,0.0,S,male,Mr,0.0,0,target_3,-2.220446049250313e-16
1117,0.25,0.25,0.0,S,male,Mr,0.0,0,target_3,0.0
1118,0.45,0.25,0.0,S,male,Mr,0.0,0,target_3,-2.220446049250313e-16
1119,0.35,0.15,0.0,S,male,Mr,0.0,0,target_3,0.0
1120,0.45,0.15,1.0,S,male,Mr,0.0,1,target_3,3.3306690738754696e-16
1121,0.35,0.65,2.0,C,male,Mr,1.0,1,target_3,1.1102230246251565e-16
1122,0.35,0.65,2.0,C,female,Mrs,1.0,1,target_3,0.0
1123,0.35,0.65,2.0,C,female,Mrs,1.0,1,target_3,0.0
1124,0.85,0.35,0.0,Q,female,Mrs,0.0,0,target_3,2.220446049250313e-16
1125,0.35,0.25,0.0,S,male,Mr,0.0,0,target_3,1.1102230246251565e-16
1126,0.55,0.25,0.0,S,female,Mrs,0.0,0,target_3,0.0
1127,0.25,0.25,0.0,S,male,Mr,0.0,0,target_3,0.0
1128,0.45,0.25,0.0,S,male,Mr,0.0,0,target_3,-2.220446049250313e-16
1129,0.45,0.15,1.0,S,male,Mr,0.0,0,target_3,0.0
1130,0.15,0.15,0.0,S,female,Mrs,0.0,0,target_3,0.0
1131,0.65,0.25,0.0,S,male,Mr,0.0,1,target_3,3.3306690738754696e-16
1132,0.45,0.25,0.0,S,male,Mr,0.0,0,target_3,-2.220446049250313e-16
1133,0.15,0.35,0.0,S,male,Mr,0.0,0,target_3,0.0
1134,0.35,0.35,0.0,S,male,Mr,0.0,0,target_3,1.1102230246251565e-16
1135,0.45,0.25,0.0,S,male,Mr,0.0,0,target_3,-2.220446049250313e-16
1136,0.45,0.35,0.0,S,female,Mrs,0.0,0,target_3,0.0
1137,0.25,0.15,0.0,C,male,Mr,0.0,0,target_3,1.1102230246251565e-16
1138,0.55,0.15,0.0,S,male,Mr,0.0,0,target_3,0.0
1139,0.85,0.25,0.0,S,male,Mr,0.0,0,target_3,2.220446049250313e-16
1140,0.25,0.25,0.0,S,male,Mr,0.0,0,target_3,0.0
1141,0.15,0.75,5.0,Q,male,Mr,1.0,0,target_3,3.3306690738754696e-16
1142,0.05,0.75,5.0,Q,male,Mr,1.0,0,target_3,2.220446049250313e-16
1143,0.05,0.75,5.0,Q,male,Mr,1.0,0,target_3,2.220446049250313e-16
1144,0.05,0.75,5.0,Q,male,Mr,1.0,0,target_3,2.220446049250313e-16
1145,0.15,0.75,5.0,Q,male,Mr,1.0,0,target_3,3.3306690738754696e-16
1146,0.85,0.75,5.0,Q,female,Mrs,1.0,0,target_3,2.220446049250313e-16
1147,0.35,0.85,0.0,S,female,Mrs,0.0,0,target_3,1.1102230246251565e-16
1148,0.75,0.15,0.0,S,male,Mr,0.0,0,target_3,3.3306690738754696e-16
1149,0.25,0.15,0.0,Q,female,Mrs,0.0,1,target_3,3.3306690738754696e-16
1150,0.65,0.55,0.0,S,male,Mr,0.0,0,target_3,0.33333333333333337
1151,0.65,0.55,0.0,S,female,Mrs,0.0,0,target_3,1.1102230246251565e-16
1152,0.95,0.55,1.0,S,male,Mr,0.0,0,target_3,1.1102230246251565e-16
1153,0.95,0.55,1.0,S,female,Mrs,0.0,0,target_3,2.220446049250313e-16
1154,0.45,0.25,0.0,S,male,Mr,0.0,0,target_3,-2.220446049250313e-16
1155,0.55,0.15,0.0,S,male,Mr,0.0,0,target_3,0.0
1156,0.05,0.65,2.0,S,female,Mrs,1.0,0,target_3,1.1102230246251565e-16
1157,0.15,0.65,2.0,S,male,Mr,1.0,0,target_3,2.220446049250313e-16
1158,0.85,0.65,2.0,S,female,Mrs,1.0,0,target_3,0.0
1159,0.45,0.25,0.0,S,female,Mrs,0.0,1,target_3,0.0
1160,0.95,0.25,0.0,S,male,Mr,0.0,0,target_3,3.3306690738754696e-16
1161,0.15,0.25,0.0,S,male,Mr,0.0,0,target_3,0.0
1162,0.75,0.15,0.0,Q,male,Mr,0.0,1,target_3,1.1102230246251565e-16
1163,0.65,0.65,0.0,Q,male,Mr,0.0,0,target_3,0.0
1164,0.25,0.15,0.0,C,male,Mr,0.0,0,target_3,1.1102230246251565e-16
1165,0.45,0.15,0.0,C,male,Mr,0.0,0,target_3,3.3306690738754696e-16
1166,0.25,0.15,0.0,C,male,Mr,0.0,0,target_3,1.1102230246251565e-16
1167,0.25,0.15,0.0,Q,male,Mr,0.0,0,target_3,0.0
1168,0.65,0.15,0.0,S,male,Mr,0.0,0,target_3,0.19999999999999973
1169,0.85,0.15,0.0,S,male,Mr,0.0,0,target_3,1.1102230246251565e-16
1170,0.75,0.95,10.0,S,male,Mr,1.0,0,target_3,2.220446049250313e-16
1171,0.15,0.95,10.0,S,male,Mr,1.0,0,target_3,2.220446049250313e-16
1172,0.75,0.95,10.0,S,female,Mrs,1.0,0,target_3,2.220446049250313e-16
1173,0.75,0.95,10.0,S,female,Mrs,1.0,0,target_3,2.220446049250313e-16
1174,0.75,0.95,10.0,S,female,Mrs,1.0,0,target_3,2.220446049250313e-16
1175,0.75,0.95,10.0,S,female,Mrs,1.0,0,target_3,2.220446049250313e-16
1176,0.75,0.95,10.0,S,male,Mr,1.0,0,target_3,2.220446049250313e-16
1177,0.75,0.95,10.0,S,male,Mr,1.0,0,target_3,2.220446049250313e-16
1178,0.75,0.95,10.0,S,male,Mr,1.0,0,target_3,2.220446049250313e-16
1179,0.75,0.95,10.0,S,male,Mr,1.0,0,target_3,2.220446049250313e-16
1180,0.75,0.95,10.0,S,female,Mrs,1.0,0,target_3,2.220446049250313e-16
1181,0.35,0.45,0.0,S,male,Mr,0.0,0,target_3,0.6666666666666665
1182,0.25,0.15,0.0,S,female,Mrs,0.0,1,target_3,2.220446049250313e-16
1183,0.85,0.25,0.0,S,male,Mr,0.0,0,target_3,2.220446049250313e-16
1184,0.25,0.65,2.0,C,male,Mr,1.0,0,target_3,2.220446049250313e-16
1185,0.25,0.65,2.0,C,male,Mr,1.0,0,target_3,2.220446049250313e-16
1186,0.25,0.65,2.0,C,male,Mr,1.0,0,target_3,2.220446049250313e-16
1187,0.05,0.65,2.0,S,female,Mrs,1.0,1,target_3,0.25
1188,0.35,0.65,2.0,S,female,Mrs,1.0,1,target_3,1.1102230246251565e-16
1189,0.05,0.65,2.0,S,female,Mrs,1.0,1,target_3,0.25
1190,0.45,0.45,0.0,S,male,Mr,0.0,1,target_3,0.0
1191,0.25,0.25,0.0,S,male,Mr,0.0,0,target_3,0.0
1192,0.45,0.25,0.0,S,male,Mr,0.0,0,target_3,-2.220446049250313e-16
1193,0.25,0.15,0.0,Q,male,Mr,0.0,0,target_3,0.0
1194,0.45,0.25,0.0,S,male,Mr,0.0,0,target_3,-2.220446049250313e-16
1195,0.75,0.15,0.0,Q,male,Mr,0.0,0,target_3,-2.220446049250313e-16
1196,0.55,0.45,0.0,S,male,Mr,0.0,1,target_3,1.1102230246251565e-16
1197,0.75,0.55,0.0,S,male,Mr,0.0,0,target_3,1.1102230246251565e-16
1198,0.55,0.15,0.0,Q,female,Mrs,0.0,1,target_3,0.0
1199,0.45,0.25,0.0,S,male,Mr,0.0,0,target_3,-2.220446049250313e-16
1200,0.45,0.25,0.0,S,male,Mr,0.0,0,target_3,-2.220446049250313e-16
1201,0.35,0.15,0.0,C,male,Mr,0.0,0,target_3,4.440892098500626e-16
1202,0.45,0.25,0.0,S,male,Mr,0.0,0,target_3,-2.220446049250313e-16
1203,0.85,0.25,0.0,S,male,Mr,0.0,0,target_3,2.220446049250313e-16
1204,0.25,0.25,0.0,S,male,Mr,0.0,0,target_3,0.0
1205,0.15,0.15,0.0,S,female,Mrs,0.0,1,target_3,2.220446049250313e-16
1206,0.05,0.75,5.0,S,male,Mr,1.0,0,target_3,2.220446049250313e-16
1207,0.15,0.75,5.0,S,male,Mr,1.0,0,target_3,2.220446049250313e-16
1208,0.15,0.75,5.0,S,female,Mrs,1.0,0,target_3,2.220446049250313e-16
1209,0.05,0.75,5.0,S,female,Mrs,1.0,0,target_3,2.220446049250313e-16
1210,0.85,0.75,5.0,S,male,Mr,1.0,0,target_3,3.3306690738754696e-16
1211,0.95,0.75,5.0,S,female,Mrs,1.0,0,target_3,3.3306690738754696e-16
1212,0.45,0.25,0.0,S,male,Mr,0.0,0,target_3,-2.220446049250313e-16
1213,0.45,0.25,0.0,S,male,Mr,0.0,0,target_3,-2.220446049250313e-16
1214,0.45,0.35,0.0,S,male,Mr,0.0,0,target_3,-2.220446049250313e-16
1215,0.75,0.15,0.0,Q,male,Mr,0.0,0,target_3,-2.220446049250313e-16
1216,0.25,0.15,0.0,Q,female,Mrs,0.0,1,target_3,3.3306690738754696e-16
1217,0.25,0.15,0.0,S,male,Mr,0.0,0,target_3,0.0
1218,0.65,0.25,0.0,S,male,Mr,0.0,0,target_3,2.220446049250313e-16
1219,0.45,0.25,0.0,S,male,Mr,0.0,0,target_3,-2.220446049250313e-16
1220,0.65,0.25,0.0,S,male,Mr,0.0,0,target_3,2.220446049250313e-16
1221,0.45,0.25,0.0,S,male,Mr,0.0,0,target_3,-2.220446049250313e-16
1222,0.65,0.35,0.0,C,male,Mr,0.0,0,target_3,3.3306690738754696e-16
1223,0.35,0.15,0.0,S,female,Mrs,0.0,1,target_3,0.0
1224,0.25,0.25,0.0,S,male,Mr,0.0,0,target_3,0.0
1225,0.95,0.85,0.0,S,male,Mr,0.0,0,target_3,0.8888888888888888
1226,0.25,0.25,0.0,S,male,Mr,0.0,0,target_3,0.0
1227,0.35,0.45,0.0,S,female,Mrs,0.0,0,target_3,0.33333333333333326
1228,0.65,0.25,0.0,S,male,Mr,0.0,1,target_3,3.3306690738754696e-16
1229,0.55,0.35,0.0,S,male,Mr,0.0,0,target_3,2.220446049250313e-16
1230,0.05,0.45,1.0,S,female,Mrs,0.0,0,target_3,2.220446049250313e-16
1231,0.55,0.45,2.0,S,female,Mrs,1.0,0,target_3,2.220446049250313e-16
1232,0.15,0.25,0.0,S,male,Mr,0.0,1,target_3,2.220446049250313e-16
1233,0.85,0.25,0.0,S,male,Mr,0.0,1,target_3,4.440892098500626e-16
1234,0.45,0.15,0.0,S,male,Mr,0.0,0,target_3,-4.440892098500626e-16
1235,1.05,0.15,0.0,S,male,Mr,0.0,0,target_3,7.771561172376096e-16
1236,0.15,0.35,0.0,S,male,Mr,0.0,1,target_3,2.220446049250313e-16
1237,0.35,0.25,0.0,S,male,Mr,0.0,0,target_3,1.1102230246251565e-16
1238,0.45,0.25,0.0,S,male,Mr,0.0,1,target_3,0.0
1239,0.75,0.25,0.0,S,male,Mr,0.0,0,target_3,2.220446049250313e-16
1240,0.05,0.35,1.0,C,male,Mr,0.0,1,target_3,2.220446049250313e-16
1241,0.65,0.15,1.0,C,male,Mr,0.0,0,target_3,2.220446049250313e-16
1242,0.65,0.15,0.0,C,male,Mr,0.0,0,target_3,2.220446049250313e-16
1243,0.25,0.15,0.0,C,male,Mr,0.0,0,target_3,1.1102230246251565e-16
1244,0.15,0.35,2.0,C,female,Mrs,1.0,1,target_3,4.440892098500626e-16
1245,0.45,0.25,0.0,S,male,Mr,0.0,0,target_3,-2.220446049250313e-16
1246,0.65,0.65,1.0,S,male,Mr,0.0,0,target_3,0.2500000000000002
1247,0.65,0.65,1.0,S,female,Mrs,0.0,1,target_3,0.0
1248,0.65,0.25,0.0,S,male,Mr,0.0,0,target_3,2.220446049250313e-16
1249,0.75,0.15,0.0,Q,male,Mr,0.0,0,target_3,-2.220446049250313e-16
1250,0.45,0.25,0.0,S,male,Mr,0.0,0,target_3,-2.220446049250313e-16
1251,0.65,0.25,0.0,S,male,Mr,0.0,0,target_3,2.220446049250313e-16
1252,0.85,0.25,0.0,S,male,Mr,0.0,0,target_3,2.220446049250313e-16
1253,0.25,0.15,0.0,C,male,Mr,0.0,0,target_3,1.1102230246251565e-16
1254,0.45,0.05,0.0,S,male,Mr,0.0,1,target_3,2.220446049250313e-16
1255,0.25,0.15,0.0,C,male,Mr,0.0,0,target_3,1.1102230246251565e-16
1256,0.05,0.55,2.0,C,male,Mr,1.0,1,target_3,1.1102230246251565e-16
1257,0.15,0.55,2.0,C,female,Mrs,1.0,1,target_3,2.220446049250313e-16
1258,0.55,0.55,2.0,C,female,Mrs,1.0,1,target_3,2.220446049250313e-16
1259,0.75,0.25,0.0,S,male,Mr,0.0,0,target_3,2.220446049250313e-16
1260,0.15,0.45,0.0,S,female,Mrs,0.0,1,target_3,0.49999999999999967
1261,0.95,0.45,0.0,S,female,Mrs,0.0,1,target_3,0.6666666666666667
1262,0.65,0.55,2.0,S,male,Mr,1.0,0,target_3,2.220446049250313e-16
1263,0.15,0.55,2.0,S,male,Mr,1.0,0,target_3,2.220446049250313e-16
1264,0.85,0.55,2.0,S,male,Mr,1.0,0,target_3,4.440892098500626e-16
1265,0.15,0.65,2.0,S,female,Mrs,1.0,0,target_3,0.0
1266,0.75,0.65,2.0,S,male,Mr,1.0,0,target_3,2.220446049250313e-16
1267,0.65,0.65,2.0,S,female,Mrs,1.0,0,target_3,2.220446049250313e-16
1268,0.55,0.45,0.0,S,male,Mr,0.0,0,target_3,0.5555555555555556
1269,0.65,0.45,0.0,S,male,Mr,0.0,0,target_3,0.833333333333333
1270,0.55,0.45,0.0,S,male,Mr,0.0,0,target_3,0.5555555555555556
1271,0.55,0.45,0.0,S,male,Mr,0.0,0,target_3,0.5555555555555556
1272,0.95,0.35,0.0,S,male,Mr,0.0,0,target_3,3.3306690738754696e-16
1273,0.15,0.65,2.0,S,female,Mrs,1.0,0,target_3,0.0
1274,0.65,0.65,3.0,S,male,Mr,1.0,0,target_3,0.0
1275,0.15,0.65,2.0,S,male,Mr,1.0,0,target_3,2.220446049250313e-16
1276,0.65,0.65,1.0,S,female,Mrs,0.0,0,target_3,2.220446049250313e-16
1277,0.35,0.15,0.0,C,male,Mr,0.0,1,target_3,1.1102230246251565e-16
1278,0.25,0.25,0.0,S,male,Mr,0.0,0,target_3,0.0
1279,0.15,0.25,0.0,S,female,Mrs,0.0,0,target_3,0.0
1280,0.35,0.25,0.0,S,male,Mr,0.0,0,target_3,1.1102230246251565e-16
1281,0.35,0.35,0.0,S,male,Mr,0.0,0,target_3,1.1102230246251565e-16
1282,0.45,0.25,0.0,S,male,Mr,0.0,0,target_3,-2.220446049250313e-16
1283,0.55,0.15,0.0,S,male,Mr,0.0,0,target_3,0.0
1284,0.45,0.25,0.0,S,male,Mr,0.0,0,target_3,-2.220446049250313e-16
1285,0.65,0.45,0.0,S,male,Mr,0.0,0,target_3,0.833333333333333
1286,0.85,0.15,0.0,C,female,Mrs,0.0,1,target_3,6.661338147750939e-16
1287,0.95,0.15,0.0,S,male,Mr,0.0,0,target_3,4.440892098500626e-16
1288,0.15,0.15,1.0,S,male,Mr,0.0,0,target_3,1.1102230246251565e-16
1289,0.25,0.15,1.0,S,male,Mr,0.0,0,target_3,1.1102230246251565e-16
1290,0.95,0.15,1.0,S,female,Mrs,0.0,1,target_3,4.440892098500626e-16
1291,0.35,0.35,0.0,S,male,Mr,0.0,0,target_3,1.1102230246251565e-16
1292,0.55,0.15,0.0,S,male,Mr,0.0,0,target_3,0.0
1293,0.45,0.25,0.0,S,male,Mr,0.0,0,target_3,-2.220446049250313e-16
1294,0.55,0.65,0.0,S,male,Mr,0.0,0,target_3,1.1102230246251565e-16
1295,0.25,0.15,0.0,S,male,Mr,0.0,0,target_3,0.0
1296,0.55,0.35,0.0,S,male,Mr,0.0,0,target_3,2.220446049250313e-16
1297,0.55,0.15,0.0,S,male,Mr,0.0,0,target_3,0.0
1298,0.75,0.45,0.0,S,male,Mr,0.0,0,target_3,0.875
1299,0.55,0.55,1.0,C,male,Mr,0.0,0,target_3,0.0
1300,0.15,0.55,1.0,C,female,Mrs,0.0,1,target_3,1.1102230246251565e-16
1301,0.95,0.15,0.0,C,male,Mr,0.0,0,target_3,2.220446049250313e-16
1302,0.25,0.15,0.0,C,male,Mr,0.0,0,target_3,1.1102230246251565e-16
1303,0.25,0.55,0.0,C,male,Mr,0.0,0,target_3,2.220446049250313e-16
1304,0.15,0.55,1.0,C,female,Mrs,0.0,0,target_3,2.220446049250313e-16
1305,0.25,0.55,1.0,C,female,Mrs,0.0,0,target_3,2.220446049250313e-16
1306,0.45,0.15,0.0,C,male,Mr,0.0,0,target_3,3.3306690738754696e-16
1307,0.55,0.15,0.0,C,male,Mr,0.0,0,target_3,2.220446049250313e-16
1308,0.55,0.25,0.0,S,male,Mr,0.0,0,target_3,2.220446049250313e-16
